x,u
0,0
0.00628319,0.00627305
0.0125664,0.0110617
0.0188496,0.0158669
0.0251327,0.0206865
0.0314159,0.0255187
0.0376991,0.030362
0.0439823,0.0352149
0.0502655,0.0400763
0.0565487,0.0449449
0.0628319,0.0498199
0.069115,0.0547003
0.0753982,0.0595853
0.0816814,0.0644743
0.0879646,0.0693665
0.0942478,0.0742615
0.100531,0.0791587
0.106814,0.0840576
0.113097,0.0889579
0.119381,0.093859
0.125664,0.0987608
0.131947,0.103663
0.13823,0.108565
0.144513,0.113466
0.150796,0.118368
0.15708,0.123268
0.163363,0.128167
0.169646,0.133065
0.175929,0.137962
0.182212,0.142857
0.188496,0.14775
0.194779,0.152641
0.201062,0.15753
0.207345,0.162417
0.213628,0.167301
0.219911,0.172183
0.226195,0.177063
0.232478,0.181939
0.238761,0.186813
0.245044,0.191683
0.251327,0.19655
0.257611,0.201414
0.263894,0.206275
0.270177,0.211132
0.27646,0.215986
0.282743,0.220835
0.289027,0.225681
0.29531,0.230523
0.301593,0.235361
0.307876,0.240195
0.314159,0.245025
0.320442,0.24985
0.326726,0.25467
0.333009,0.259486
0.339292,0.264298
0.345575,0.269105
0.351858,0.273906
0.358142,0.278703
0.364425,0.283495
0.370708,0.288282
0.376991,0.293063
0.383274,0.297839
0.389558,0.302609
0.395841,0.307374
0.402124,0.312134
0.408407,0.316887
0.41469,0.321635
0.420973,0.326376
0.427257,0.331112
0.43354,0.335841
0.439823,0.340564
0.446106,0.345281
0.452389,0.349991
0.458673,0.354695
0.464956,0.359392
0.471239,0.364082
0.477522,0.368765
0.483805,0.373441
0.490088,0.37811
0.496372,0.382772
0.502655,0.387427
0.508938,0.392074
0.515221,0.396713
0.521504,0.401345
0.527788,0.40597
0.534071,0.410586
0.540354,0.415195
0.546637,0.419795
0.55292,0.424387
0.559204,0.428971
0.565487,0.433547
0.57177,0.438114
0.578053,0.442672
0.584336,0.447222
0.590619,0.451763
0.596903,0.456295
0.603186,0.460818
0.609469,0.465332
0.615752,0.469836
0.622035,0.474331
0.628319,0.478817
0.634602,0.483293
0.640885,0.487759
0.647168,0.492215
0.653451,0.496662
0.659734,0.501098
0.666018,0.505524
0.672301,0.50994
0.678584,0.514346
0.684867,0.518741
0.69115,0.523125
0.697434,0.527498
0.703717,0.531861
0.71,0.536212
0.716283,0.540553
0.722566,0.544882
0.72885,0.549199
0.735133,0.553506
0.741416,0.5578
0.747699,0.562083
0.753982,0.566354
0.760265,0.570613
0.766549,0.574859
0.772832,0.579094
0.779115,0.583316
0.785398,0.587525
0.791681,0.591722
0.797965,0.595906
0.804248,0.600078
0.810531,0.604236
0.816814,0.608381
0.823097,0.612513
0.82938,0.616631
0.835664,0.620736
0.841947,0.624827
0.84823,0.628904
0.854513,0.632967
0.860796,0.637016
0.86708,0.641051
0.873363,0.645072
0.879646,0.649078
0.885929,0.653069
0.892212,0.657046
0.898495,0.661007
0.904779,0.664954
0.911062,0.668885
0.917345,0.672801
0.923628,0.676702
0.929911,0.680587
0.936195,0.684456
0.942478,0.688309
0.948761,0.692147
0.955044,0.695968
0.961327,0.699772
0.967611,0.703561
0.973894,0.707332
0.980177,0.711087
0.98646,0.714825
0.992743,0.718546
0.999026,0.722249
1.00531,0.725935
1.01159,0.729604
1.01788,0.733255
1.02416,0.736888
1.03044,0.740504
1.03673,0.744101
1.04301,0.747679
1.04929,0.75124
1.05558,0.754782
1.06186,0.758305
1.06814,0.761809
1.07442,0.765294
1.08071,0.768759
1.08699,0.772206
1.09327,0.775633
1.09956,0.77904
1.10584,0.782427
1.11212,0.785795
1.11841,0.789142
1.12469,0.792469
1.13097,0.795775
1.13726,0.799061
1.14354,0.802326
1.14982,0.80557
1.15611,0.808792
1.16239,0.811994
1.16867,0.815174
1.17496,0.818332
1.18124,0.821469
1.18752,0.824583
1.19381,0.827675
1.20009,0.830745
1.20637,0.833793
1.21265,0.836818
1.21894,0.83982
1.22522,0.842799
1.2315,0.845755
1.23779,0.848687
1.24407,0.851596
1.25035,0.854481
1.25664,0.857343
1.26292,0.86018
1.2692,0.862993
1.27549,0.865782
1.28177,0.868546
1.28805,0.871286
1.29434,0.874
1.30062,0.87669
1.3069,0.879354
1.31319,0.881992
1.31947,0.884606
1.32575,0.887193
1.33204,0.889754
1.33832,0.892289
1.3446,0.894798
1.35088,0.89728
1.35717,0.899736
1.36345,0.902164
1.36973,0.904566
1.37602,0.90694
1.3823,0.909287
1.38858,0.911606
1.39487,0.913897
1.40115,0.91616
1.40743,0.918396
1.41372,0.920602
1.42,0.92278
1.42628,0.92493
1.43257,0.92705
1.43885,0.929142
1.44513,0.931204
1.45142,0.933236
1.4577,0.935239
1.46398,0.937212
1.47027,0.939155
1.47655,0.941067
1.48283,0.94295
1.48911,0.944801
1.4954,0.946622
1.50168,0.948411
1.50796,0.95017
1.51425,0.951897
1.52053,0.953593
1.52681,0.955256
1.5331,0.956888
1.53938,0.958488
1.54566,0.960055
1.55195,0.961589
1.55823,0.963091
1.56451,0.96456
1.5708,0.965996
1.57708,0.967398
1.58336,0.968768
1.58965,0.970103
1.59593,0.971404
1.60221,0.972672
1.6085,0.973905
1.61478,0.975104
1.62106,0.976268
1.62735,0.977397
1.63363,0.978491
1.63991,0.97955
1.64619,0.980574
1.65248,0.981562
1.65876,0.982514
1.66504,0.98343
1.67133,0.98431
1.67761,0.985153
1.68389,0.98596
1.69018,0.98673
1.69646,0.987463
1.70274,0.988159
1.70903,0.988818
1.71531,0.989439
1.72159,0.990023
1.72788,0.990568
1.73416,0.991076
1.74044,0.991545
1.74673,0.991976
1.75301,0.992368
1.75929,0.992721
1.76558,0.993035
1.77186,0.99331
1.77814,0.993546
1.78442,0.993742
1.79071,0.993898
1.79699,0.994014
1.80327,0.994091
1.80956,0.994126
1.81584,0.994122
1.82212,0.994077
1.82841,0.99399
1.83469,0.993863
1.84097,0.993695
1.84726,0.993485
1.85354,0.993234
1.85982,0.99294
1.86611,0.992605
1.87239,0.992228
1.87867,0.991809
1.88496,0.991347
1.89124,0.990843
1.89752,0.990295
1.90381,0.989705
1.91009,0.989072
1.91637,0.988395
1.92265,0.987675
1.92894,0.986912
1.93522,0.986104
1.9415,0.985253
1.94779,0.984358
1.95407,0.983418
1.96035,0.982434
1.96664,0.981405
1.97292,0.980332
1.9792,0.979214
1.98549,0.978051
1.99177,0.976842
1.99805,0.975588
2.00434,0.974289
2.01062,0.972944
2.0169,0.971554
2.02319,0.970117
2.02947,0.968635
2.03575,0.967106
2.04204,0.965531
2.04832,0.96391
2.0546,0.962242
2.06088,0.960527
2.06717,0.958766
2.07345,0.956957
2.07973,0.955101
2.08602,0.953199
2.0923,0.951248
2.09858,0.949251
2.10487,0.947206
2.11115,0.945113
2.11743,0.942973
2.12372,0.940784
2.13,0.938548
2.13628,0.936263
2.14257,0.933931
2.14885,0.93155
2.15513,0.92912
2.16142,0.926643
2.1677,0.924116
2.17398,0.921541
2.18027,0.918917
2.18655,0.916245
2.19283,0.913523
2.19911,0.910753
2.2054,0.907934
2.21168,0.905065
2.21796,0.902147
2.22425,0.899181
2.23053,0.896164
2.23681,0.893099
2.2431,0.889984
2.24938,0.88682
2.25566,0.883606
2.26195,0.880342
2.26823,0.87703
2.27451,0.873667
2.2808,0.870255
2.28708,0.866793
2.29336,0.863282
2.29965,0.859721
2.30593,0.85611
2.31221,0.852449
2.3185,0.848739
2.32478,0.844979
2.33106,0.841169
2.33734,0.83731
2.34363,0.833401
2.34991,0.829442
2.35619,0.825433
2.36248,0.821375
2.36876,0.817267
2.37504,0.81311
2.38133,0.808903
2.38761,0.804647
2.39389,0.800341
2.40018,0.795986
2.40646,0.791581
2.41274,0.787127
2.41903,0.782624
2.42531,0.778072
2.43159,0.773471
2.43788,0.76882
2.44416,0.764121
2.45044,0.759373
2.45673,0.754576
2.46301,0.749731
2.46929,0.744837
2.47557,0.739895
2.48186,0.734904
2.48814,0.729865
2.49442,0.724779
2.50071,0.719644
2.50699,0.714462
2.51327,0.709232
2.51956,0.703955
2.52584,0.69863
2.53212,0.693258
2.53841,0.687839
2.54469,0.682374
2.55097,0.676862
2.55726,0.671304
2.56354,0.665699
2.56982,0.660048
2.57611,0.654352
2.58239,0.64861
2.58867,0.642823
2.59496,0.63699
2.60124,0.631113
2.60752,0.625191
2.61381,0.619225
2.62009,0.613214
2.62637,0.60716
2.63265,0.601062
2.63894,0.594921
2.64522,0.588736
2.6515,0.582509
2.65779,0.57624
2.66407,0.569928
2.67035,0.563575
2.67664,0.557179
2.68292,0.550743
2.6892,0.544266
2.69549,0.537748
2.70177,0.53119
2.70805,0.524592
2.71434,0.517955
2.72062,0.511278
2.7269,0.504563
2.73319,0.49781
2.73947,0.491018
2.74575,0.484189
2.75204,0.477322
2.75832,0.470419
2.7646,0.46348
2.77088,0.456504
2.77717,0.449493
2.78345,0.442446
2.78973,0.435366
2.79602,0.428251
2.8023,0.421102
2.80858,0.41392
2.81487,0.406705
2.82115,0.399458
2.82743,0.392178
2.83372,0.384868
2.84,0.377527
2.84628,0.370155
2.85257,0.362754
2.85885,0.355323
2.86513,0.347863
2.87142,0.340375
2.8777,0.332859
2.88398,0.325317
2.89027,0.317747
2.89655,0.310152
2.90283,0.302531
2.90911,0.294885
2.9154,0.287214
2.92168,0.27952
2.92796,0.271803
2.93425,0.264063
2.94053,0.256301
2.94681,0.248517
2.9531,0.240713
2.95938,0.232889
2.96566,0.225045
2.97195,0.217182
2.97823,0.209301
2.98451,0.201402
2.9908,0.193486
2.99708,0.185554
3.00336,0.177606
3.00965,0.169643
3.01593,0.161665
3.02221,0.153674
3.0285,0.145669
3.03478,0.137652
3.04106,0.129623
3.04734,0.121584
3.05363,0.113533
3.05991,0.105473
3.06619,0.0974044
3.07248,0.0893268
3.07876,0.0812417
3.08504,0.0731497
3.09133,0.0650511
3.09761,0.0569471
3.10389,0.0488379
3.11018,0.0407247
3.11646,0.032608
3.12274,0.0244883
3.12903,0.0163666
3.13531,0.00824328
3.14159,0.000119435
3.14788,-0.00800444
3.15416,-0.0161279
3.16044,-0.0242497
3.16673,-0.0323698
3.17301,-0.0404868
3.17929,-0.0486006
3.18558,-0.05671
3.19186,-0.0648146
3.19814,-0.0729138
3.20442,-0.0810066
3.21071,-0.0890927
3.21699,-0.0971709
3.22327,-0.105241
3.22956,-0.113302
3.23584,-0.121353
3.24212,-0.129394
3.24841,-0.137424
3.25469,-0.145442
3.26097,-0.153448
3.26726,-0.161441
3.27354,-0.16942
3.27982,-0.177385
3.28611,-0.185334
3.29239,-0.193268
3.29867,-0.201186
3.30496,-0.209087
3.31124,-0.21697
3.31752,-0.224834
3.32381,-0.23268
3.33009,-0.240507
3.33637,-0.248313
3.34265,-0.256098
3.34894,-0.263863
3.35522,-0.271605
3.3615,-0.279324
3.36779,-0.287021
3.37407,-0.294693
3.38035,-0.302342
3.38664,-0.309965
3.39292,-0.317563
3.3992,-0.325135
3.40549,-0.332681
3.41177,-0.340199
3.41805,-0.347689
3.42434,-0.355152
3.43062,-0.362585
3.4369,-0.369989
3.44319,-0.377364
3.44947,-0.384708
3.45575,-0.392021
3.46204,-0.399303
3.46832,-0.406553
3.4746,-0.41377
3.48088,-0.420955
3.48717,-0.428107
3.49345,-0.435225
3.49973,-0.442309
3.50602,-0.449358
3.5123,-0.456372
3.51858,-0.46335
3.52487,-0.470293
3.53115,-0.477199
3.53743,-0.484068
3.54372,-0.4909
3.55,-0.497695
3.55628,-0.504451
3.56257,-0.511169
3.56885,-0.517849
3.57513,-0.524489
3.58142,-0.53109
3.5877,-0.53765
3.59398,-0.544171
3.60027,-0.550651
3.60655,-0.55709
3.61283,-0.563488
3.61911,-0.569844
3.6254,-0.576159
3.63168,-0.582431
3.63796,-0.588661
3.64425,-0.594848
3.65053,-0.600992
3.65681,-0.607093
3.6631,-0.61315
3.66938,-0.619163
3.67566,-0.625132
3.68195,-0.631056
3.68823,-0.636936
3.69451,-0.642771
3.7008,-0.648561
3.70708,-0.654305
3.71336,-0.660004
3.71965,-0.665657
3.72593,-0.671264
3.73221,-0.676825
3.7385,-0.682339
3.74478,-0.687807
3.75106,-0.693228
3.75734,-0.698602
3.76363,-0.703929
3.76991,-0.709208
3.77619,-0.71444
3.78248,-0.719625
3.78876,-0.724761
3.79504,-0.72985
3.80133,-0.734891
3.80761,-0.739883
3.81389,-0.744827
3.82018,-0.749723
3.82646,-0.75457
3.83274,-0.759369
3.83903,-0.764119
3.84531,-0.76882
3.85159,-0.773472
3.85788,-0.778075
3.86416,-0.782629
3.87044,-0.787134
3.87673,-0.791589
3.88301,-0.795995
3.88929,-0.800352
3.89558,-0.804659
3.90186,-0.808917
3.90814,-0.813125
3.91442,-0.817284
3.92071,-0.821393
3.92699,-0.825452
3.93327,-0.829462
3.93956,-0.833422
3.94584,-0.837332
3.95212,-0.841193
3.95841,-0.845004
3.96469,-0.848765
3.97097,-0.852476
3.97726,-0.856138
3.98354,-0.859749
3.98982,-0.863311
3.99611,-0.866824
4.00239,-0.870286
4.00867,-0.873699
4.01496,-0.877063
4.02124,-0.880376
4.02752,-0.88364
4.0338,-0.886855
4.04009,-0.89002
4.04637,-0.893135
4.05265,-0.896201
4.05894,-0.899218
4.06522,-0.902186
4.0715,-0.905104
4.07779,-0.907973
4.08407,-0.910792
4.09035,-0.913563
4.09664,-0.916285
4.10292,-0.918958
4.1092,-0.921582
4.11549,-0.924157
4.12177,-0.926684
4.12805,-0.929162
4.13434,-0.931592
4.14062,-0.933973
4.1469,-0.936305
4.15319,-0.93859
4.15947,-0.940827
4.16575,-0.943015
4.17204,-0.945156
4.17832,-0.947248
4.1846,-0.949294
4.19088,-0.951291
4.19717,-0.953241
4.20345,-0.955144
4.20973,-0.956999
4.21602,-0.958808
4.2223,-0.960569
4.22858,-0.962284
4.23487,-0.963951
4.24115,-0.965573
4.24743,-0.967148
4.25372,-0.968676
4.26,-0.970158
4.26628,-0.971594
4.27257,-0.972985
4.27885,-0.974329
4.28513,-0.975628
4.29142,-0.976881
4.2977,-0.97809
4.30398,-0.979252
4.31027,-0.98037
4.31655,-0.981443
4.32283,-0.982471
4.32911,-0.983455
4.3354,-0.984394
4.34168,-0.985289
4.34796,-0.98614
4.35425,-0.986947
4.36053,-0.98771
4.36681,-0.98843
4.3731,-0.989106
4.37938,-0.989739
4.38566,-0.990328
4.39195,-0.990875
4.39823,-0.991379
4.40451,-0.99184
4.4108,-0.992259
4.41708,-0.992636
4.42336,-0.99297
4.42965,-0.993263
4.43593,-0.993514
4.44221,-0.993723
4.4485,-0.993891
4.45478,-0.994018
4.46106,-0.994103
4.46734,-0.994148
4.47363,-0.994152
4.47991,-0.994116
4.48619,-0.994039
4.49248,-0.993922
4.49876,-0.993765
4.50504,-0.993569
4.51133,-0.993333
4.51761,-0.993057
4.52389,-0.992742
4.53018,-0.992388
4.53646,-0.991996
4.54274,-0.991565
4.54903,-0.991095
4.55531,-0.990587
4.56159,-0.990041
4.56788,-0.989457
4.57416,-0.988835
4.58044,-0.988176
4.58673,-0.987479
4.59301,-0.986746
4.59929,-0.985975
4.60558,-0.985168
4.61186,-0.984324
4.61814,-0.983443
4.62442,-0.982527
4.63071,-0.981574
4.63699,-0.980586
4.64327,-0.979562
4.64956,-0.978503
4.65584,-0.977408
4.66212,-0.976278
4.66841,-0.975114
4.67469,-0.973915
4.68097,-0.972681
4.68726,-0.971413
4.69354,-0.970111
4.69982,-0.968776
4.70611,-0.967406
4.71239,-0.966003
4.71867,-0.964567
4.72496,-0.963098
4.73124,-0.961596
4.73752,-0.960061
4.7438,-0.958494
4.75009,-0.956894
4.75637,-0.955262
4.76265,-0.953598
4.76894,-0.951902
4.77522,-0.950175
4.7815,-0.948416
4.78779,-0.946626
4.79407,-0.944805
4.80035,-0.942954
4.80664,-0.941071
4.81292,-0.939159
4.8192,-0.937216
4.82549,-0.935243
4.83177,-0.93324
4.83805,-0.931207
4.84434,-0.929145
4.85062,-0.927054
4.8569,-0.924933
4.86319,-0.922784
4.86947,-0.920605
4.87575,-0.918399
4.88204,-0.916164
4.88832,-0.9139
4.8946,-0.911609
4.90088,-0.90929
4.90717,-0.906943
4.91345,-0.904569
4.91973,-0.902168
4.92602,-0.899739
4.9323,-0.897284
4.93858,-0.894802
4.94487,-0.892293
4.95115,-0.889758
4.95743,-0.887197
4.96372,-0.88461
4.97,-0.881998
4.97628,-0.879359
4.98257,-0.876695
4.98885,-0.874006
4.99513,-0.871292
5.00142,-0.868553
5.0077,-0.865789
5.01398,-0.863
5.02027,-0.860187
5.02655,-0.85735
5.03283,-0.854489
5.03911,-0.851604
5.0454,-0.848696
5.05168,-0.845764
5.05796,-0.842808
5.06425,-0.83983
5.07053,-0.836828
5.07681,-0.833804
5.0831,-0.830757
5.08938,-0.827687
5.09566,-0.824595
5.10195,-0.821481
5.10823,-0.818345
5.11451,-0.815188
5.1208,-0.812008
5.12708,-0.808807
5.13336,-0.805585
5.13965,-0.802342
5.14593,-0.799078
5.15221,-0.795793
5.1585,-0.792487
5.16478,-0.789161
5.17106,-0.785814
5.17734,-0.782447
5.18363,-0.779061
5.18991,-0.775654
5.19619,-0.772228
5.20248,-0.768782
5.20876,-0.765317
5.21504,-0.761833
5.22133,-0.75833
5.22761,-0.754807
5.23389,-0.751266
5.24018,-0.747707
5.24646,-0.744129
5.25274,-0.740533
5.25903,-0.736918
5.26531,-0.733286
5.27159,-0.729636
5.27788,-0.725968
5.28416,-0.722283
5.29044,-0.71858
5.29673,-0.71486
5.30301,-0.711123
5.30929,-0.707369
5.31558,-0.703598
5.32186,-0.699811
5.32814,-0.696007
5.33442,-0.692187
5.34071,-0.688351
5.34699,-0.684498
5.35327,-0.68063
5.35956,-0.676746
5.36584,-0.672846
5.37212,-0.668931
5.37841,-0.665001
5.38469,-0.661055
5.39097,-0.657095
5.39726,-0.653119
5.40354,-0.649129
5.40982,-0.645123
5.41611,-0.641104
5.42239,-0.63707
5.42867,-0.633022
5.43496,-0.62896
5.44124,-0.624884
5.44752,-0.620794
5.4538,-0.61669
5.46009,-0.612573
5.46637,-0.608442
5.47265,-0.604298
5.47894,-0.600141
5.48522,-0.595971
5.4915,-0.591788
5.49779,-0.587592
5.50407,-0.583384
5.51035,-0.579163
5.51664,-0.574929
5.52292,-0.570684
5.5292,-0.566426
5.53549,-0.562156
5.54177,-0.557874
5.54805,-0.553581
5.55434,-0.549276
5.56062,-0.544959
5.5669,-0.540631
5.57319,-0.536292
5.57947,-0.531941
5.58575,-0.52758
5.59203,-0.523207
5.59832,-0.518824
5.6046,-0.514431
5.61088,-0.510026
5.61717,-0.505612
5.62345,-0.501186
5.62973,-0.496751
5.63602,-0.492306
5.6423,-0.48785
5.64858,-0.483385
5.65487,-0.47891
5.66115,-0.474425
5.66743,-0.469931
5.67372,-0.465428
5.68,-0.460915
5.68628,-0.456393
5.69257,-0.451862
5.69885,-0.447322
5.70513,-0.442774
5.71142,-0.438216
5.7177,-0.43365
5.72398,-0.429075
5.73027,-0.424492
5.73655,-0.419901
5.74283,-0.415302
5.74911,-0.410694
5.7554,-0.406079
5.76168,-0.401455
5.76796,-0.396824
5.77425,-0.392186
5.78053,-0.387539
5.78681,-0.382885
5.7931,-0.378224
5.79938,-0.373556
5.80566,-0.368881
5.81195,-0.364198
5.81823,-0.359509
5.82451,-0.354813
5.8308,-0.35011
5.83708,-0.3454
5.84336,-0.340684
5.84965,-0.335962
5.85593,-0.331233
5.86221,-0.326498
5.86849,-0.321757
5.87478,-0.31701
5.88106,-0.312257
5.88734,-0.307499
5.89363,-0.302734
5.89991,-0.297964
5.90619,-0.293188
5.91248,-0.288407
5.91876,-0.283621
5.92504,-0.27883
5.93133,-0.274033
5.93761,-0.269231
5.94389,-0.264424
5.95018,-0.259613
5.95646,-0.254797
5.96274,-0.249975
5.96903,-0.24515
5.97531,-0.24032
5.98159,-0.235486
5.98788,-0.230647
5.99416,-0.225804
6.00044,-0.220957
6.00673,-0.216106
6.01301,-0.211251
6.01929,-0.206393
6.02557,-0.20153
6.03186,-0.196664
6.03814,-0.191794
6.04442,-0.186921
6.05071,-0.182045
6.05699,-0.177165
6.06327,-0.172282
6.06956,-0.167396
6.07584,-0.162507
6.08212,-0.157615
6.08841,-0.15272
6.09469,-0.147822
6.10097,-0.142922
6.10726,-0.138019
6.11354,-0.133114
6.11982,-0.128206
6.12611,-0.123296
6.13239,-0.118384
6.13867,-0.113469
6.14496,-0.108552
6.15124,-0.103634
6.15752,-0.0987133
6.16381,-0.093791
6.17009,-0.0888669
6.17637,-0.0839406
6.18265,-0.0790132
6.18894,-0.0740843
6.19522,-0.0691538
6.2015,-0.0642219
6.20779,-0.0592882
6.21407,-0.0543537
6.22035,-0.0494179
6.22664,-0.044481
6.23292,-0.0395429
6.2392,-0.0346032
6.24549,-0.029663
6.25177,-0.0247217
6.25805,-0.0197794
6.26434,-0.0148361
6.27062,-0.00989138
6.2769,-0.00494611
6.28319,1.74846e-07
0,0
0.00628319,0.00222324
0.0125664,0.00405378
0.0188496,0.00589242
0.0251327,0.00773516
0.0314159,0.00957954
0.0376991,0.0114241
0.0439823,0.0132681
0.0502655,0.0151113
0.0565487,0.0169534
0.0628319,0.0187946
0.069115,0.0206351
0.0753982,0.0224748
0.0816814,0.0243141
0.0879646,0.026153
0.0942478,0.0279917
0.100531,0.0298301
0.106814,0.0316684
0.113097,0.0335067
0.119381,0.0353448
0.125664,0.0371829
0.131947,0.0390209
0.13823,0.0408589
0.144513,0.0426968
0.150796,0.0445346
0.15708,0.0463723
0.163363,0.04821
0.169646,0.0500474
0.175929,0.0518847
0.182212,0.053722
0.188496,0.0555591
0.194779,0.057396
0.201062,0.0592329
0.207345,0.0610695
0.213628,0.062906
0.219911,0.0647424
0.226195,0.0665786
0.232478,0.0684148
0.238761,0.0702507
0.245044,0.0720866
0.251327,0.0739224
0.257611,0.075758
0.263894,0.0775935
0.270177,0.0794289
0.27646,0.0812642
0.282743,0.0830993
0.289027,0.0849344
0.29531,0.0867694
0.301593,0.0886042
0.307876,0.090439
0.314159,0.0922737
0.320442,0.0941082
0.326726,0.0959427
0.333009,0.097777
0.339292,0.0996114
0.345575,0.101446
0.351858,0.10328
0.358142,0.105114
0.364425,0.106947
0.370708,0.108781
0.376991,0.110615
0.383274,0.112449
0.389558,0.114282
0.395841,0.116116
0.402124,0.117949
0.408407,0.119782
0.41469,0.121615
0.420973,0.123449
0.427257,0.125282
0.43354,0.127114
0.439823,0.128947
0.446106,0.13078
0.452389,0.132613
0.458673,0.134445
0.464956,0.136278
0.471239,0.13811
0.477522,0.139942
0.483805,0.141774
0.490088,0.143606
0.496372,0.145438
0.502655,0.14727
0.508938,0.149102
0.515221,0.150934
0.521504,0.152765
0.527788,0.154597
0.534071,0.156428
0.540354,0.15826
0.546637,0.160091
0.55292,0.161922
0.559204,0.163753
0.565487,0.165584
0.57177,0.167415
0.578053,0.169246
0.584336,0.171076
0.590619,0.172907
0.596903,0.174737
0.603186,0.176567
0.609469,0.178398
0.615752,0.180228
0.622035,0.182058
0.628319,0.183887
0.634602,0.185717
0.640885,0.187547
0.647168,0.189377
0.653451,0.191206
0.659734,0.193035
0.666018,0.194864
0.672301,0.196694
0.678584,0.198523
0.684867,0.200351
0.69115,0.20218
0.697434,0.204008
0.703717,0.205837
0.71,0.207665
0.716283,0.209494
0.722566,0.211322
0.72885,0.21315
0.735133,0.214977
0.741416,0.216805
0.747699,0.218632
0.753982,0.22046
0.760265,0.222287
0.766549,0.224114
0.772832,0.225941
0.779115,0.227768
0.785398,0.229594
0.791681,0.231421
0.797965,0.233247
0.804248,0.235073
0.810531,0.236899
0.816814,0.238725
0.823097,0.240551
0.82938,0.242376
0.835664,0.244202
0.841947,0.246027
0.84823,0.247852
0.854513,0.249677
0.860796,0.251501
0.86708,0.253326
0.873363,0.25515
0.879646,0.256974
0.885929,0.258798
0.892212,0.260622
0.898495,0.262445
0.904779,0.264269
0.911062,0.266092
0.917345,0.267915
0.923628,0.269738
0.929911,0.27156
0.936195,0.273382
0.942478,0.275205
0.948761,0.277027
0.955044,0.278848
0.961327,0.28067
0.967611,0.282491
0.973894,0.284312
0.980177,0.286133
0.98646,0.287954
0.992743,0.289774
0.999026,0.291595
1.00531,0.293414
1.01159,0.295234
1.01788,0.297054
1.02416,0.298873
1.03044,0.300692
1.03673,0.302511
1.04301,0.304329
1.04929,0.306148
1.05558,0.307966
1.06186,0.309784
1.06814,0.311601
1.07442,0.313419
1.08071,0.315236
1.08699,0.317052
1.09327,0.318869
1.09956,0.320685
1.10584,0.322501
1.11212,0.324317
1.11841,0.326132
1.12469,0.327948
1.13097,0.329762
1.13726,0.331577
1.14354,0.333391
1.14982,0.335205
1.15611,0.337019
1.16239,0.338833
1.16867,0.340646
1.17496,0.342459
1.18124,0.344272
1.18752,0.346084
1.19381,0.347896
1.20009,0.349708
1.20637,0.351519
1.21265,0.35333
1.21894,0.35514
1.22522,0.356951
1.2315,0.358761
1.23779,0.360571
1.24407,0.36238
1.25035,0.364189
1.25664,0.365998
1.26292,0.367807
1.2692,0.369615
1.27549,0.371422
1.28177,0.37323
1.28805,0.375037
1.29434,0.376844
1.30062,0.37865
1.3069,0.380456
1.31319,0.382262
1.31947,0.384067
1.32575,0.385872
1.33204,0.387677
1.33832,0.389481
1.3446,0.391285
1.35088,0.393089
1.35717,0.394892
1.36345,0.396695
1.36973,0.398497
1.37602,0.400299
1.3823,0.402101
1.38858,0.403902
1.39487,0.405703
1.40115,0.407503
1.40743,0.409303
1.41372,0.411103
1.42,0.412902
1.42628,0.414701
1.43257,0.4165
1.43885,0.418298
1.44513,0.420095
1.45142,0.421893
1.4577,0.423689
1.46398,0.425486
1.47027,0.427282
1.47655,0.429078
1.48283,0.430873
1.48911,0.432667
1.4954,0.434462
1.50168,0.436255
1.50796,0.438049
1.51425,0.439842
1.52053,0.441634
1.52681,0.443426
1.5331,0.445218
1.53938,0.447009
1.54566,0.4488
1.55195,0.45059
1.55823,0.45238
1.56451,0.454169
1.5708,0.455958
1.57708,0.457746
1.58336,0.459534
1.58965,0.461322
1.59593,0.463108
1.60221,0.464895
1.6085,0.466681
1.61478,0.468466
1.62106,0.470251
1.62735,0.472036
1.63363,0.473819
1.63991,0.475603
1.64619,0.477386
1.65248,0.479168
1.65876,0.48095
1.66504,0.482731
1.67133,0.484512
1.67761,0.486292
1.68389,0.488072
1.69018,0.489852
1.69646,0.49163
1.70274,0.493408
1.70903,0.495186
1.71531,0.496963
1.72159,0.49874
1.72788,0.500516
1.73416,0.502291
1.74044,0.504066
1.74673,0.50584
1.75301,0.507614
1.75929,0.509387
1.76558,0.51116
1.77186,0.512932
1.77814,0.514703
1.78442,0.516474
1.79071,0.518244
1.79699,0.520014
1.80327,0.521783
1.80956,0.523552
1.81584,0.525319
1.82212,0.527086
1.82841,0.528853
1.83469,0.530619
1.84097,0.532385
1.84726,0.534149
1.85354,0.535913
1.85982,0.537677
1.86611,0.539439
1.87239,0.541202
1.87867,0.542963
1.88496,0.544724
1.89124,0.546484
1.89752,0.548244
1.90381,0.550003
1.91009,0.551761
1.91637,0.553519
1.92265,0.555275
1.92894,0.557032
1.93522,0.558787
1.9415,0.560542
1.94779,0.562296
1.95407,0.564049
1.96035,0.565802
1.96664,0.567554
1.97292,0.569306
1.9792,0.571056
1.98549,0.572806
1.99177,0.574555
1.99805,0.576304
2.00434,0.578051
2.01062,0.579798
2.0169,0.581544
2.02319,0.58329
2.02947,0.585034
2.03575,0.586778
2.04204,0.588522
2.04832,0.590264
2.0546,0.592006
2.06088,0.593746
2.06717,0.595486
2.07345,0.597225
2.07973,0.598964
2.08602,0.600701
2.0923,0.602438
2.09858,0.604174
2.10487,0.60591
2.11115,0.607644
2.11743,0.609377
2.12372,0.61111
2.13,0.612842
2.13628,0.614573
2.14257,0.616303
2.14885,0.618032
2.15513,0.61976
2.16142,0.621488
2.1677,0.623215
2.17398,0.624941
2.18027,0.626665
2.18655,0.628389
2.19283,0.630113
2.19911,0.631835
2.2054,0.633556
2.21168,0.635276
2.21796,0.636996
2.22425,0.638714
2.23053,0.640432
2.23681,0.642148
2.2431,0.643864
2.24938,0.645579
2.25566,0.647292
2.26195,0.649005
2.26823,0.650717
2.27451,0.652428
2.2808,0.654137
2.28708,0.655846
2.29336,0.657554
2.29965,0.65926
2.30593,0.660966
2.31221,0.662671
2.3185,0.664375
2.32478,0.666077
2.33106,0.667779
2.33734,0.669479
2.34363,0.671178
2.34991,0.672877
2.35619,0.674574
2.36248,0.67627
2.36876,0.677965
2.37504,0.679659
2.38133,0.681352
2.38761,0.683043
2.39389,0.684734
2.40018,0.686423
2.40646,0.688112
2.41274,0.689799
2.41903,0.691485
2.42531,0.69317
2.43159,0.694853
2.43788,0.696536
2.44416,0.698217
2.45044,0.699896
2.45673,0.701575
2.46301,0.703252
2.46929,0.704929
2.47557,0.706604
2.48186,0.708278
2.48814,0.70995
2.49442,0.711621
2.50071,0.713291
2.50699,0.714959
2.51327,0.716627
2.51956,0.718293
2.52584,0.719957
2.53212,0.72162
2.53841,0.723282
2.54469,0.724943
2.55097,0.726602
2.55726,0.728259
2.56354,0.729916
2.56982,0.731571
2.57611,0.733224
2.58239,0.734876
2.58867,0.736527
2.59496,0.738176
2.60124,0.739824
2.60752,0.74147
2.61381,0.743115
2.62009,0.744758
2.62637,0.746399
2.63265,0.748039
2.63894,0.749678
2.64522,0.751315
2.6515,0.75295
2.65779,0.754584
2.66407,0.756216
2.67035,0.757847
2.67664,0.759476
2.68292,0.761103
2.6892,0.762729
2.69549,0.764353
2.70177,0.765975
2.70805,0.767596
2.71434,0.769215
2.72062,0.770832
2.7269,0.772447
2.73319,0.774061
2.73947,0.775672
2.74575,0.777282
2.75204,0.77889
2.75832,0.780496
2.7646,0.7821
2.77088,0.783702
2.77717,0.785303
2.78345,0.7869
2.78973,0.788496
2.79602,0.79009
2.8023,0.791681
2.80858,0.79327
2.81487,0.794857
2.82115,0.796441
2.82743,0.798021
2.83372,0.799599
2.84,0.801173
2.84628,0.802743
2.85257,0.804309
2.85885,0.80587
2.86513,0.807425
2.87142,0.808975
2.8777,0.810516
2.88398,0.812049
2.89027,0.813572
2.89655,0.815083
2.90283,0.81658
2.90911,0.818061
2.9154,0.819521
2.92168,0.820957
2.92796,0.822365
2.93425,0.823738
2.94053,0.825069
2.94681,0.826349
2.9531,0.827565
2.95938,0.828703
2.96566,0.829744
2.97195,0.830664
2.97823,0.831431
2.98451,0.832004
2.9908,0.83233
2.99708,0.832341
3.00336,0.831948
3.00965,0.831037
3.01593,0.829461
3.02221,0.827038
3.0285,0.823536
3.03478,0.81867
3.04106,0.812094
3.04734,0.803393
3.05363,0.792077
3.05991,0.777584
3.06619,0.759278
3.07248,0.736463
3.07876,0.708395
3.08504,0.674313
3.09133,0.633471
3.09761,0.585198
3.10389,0.528968
3.11018,0.464485
3.11646,0.391793
3.12274,0.31137
3.12903,0.224212
3.13531,0.131848
3.14159,0.0362787
3.14788,-0.0601764
3.15416,-0.155105
3.16044,-0.24625
3.16673,-0.331719
3.17301,-0.410125
3.17929,-0.480626
3.18558,-0.542878
3.19186,-0.596953
3.19814,-0.643224
3.20442,-0.682266
3.21071,-0.714767
3.21699,-0.741471
3.22327,-0.763126
3.22956,-0.780455
3.23584,-0.794132
3.24212,-0.804771
3.24841,-0.812915
3.25469,-0.819033
3.26097,-0.823527
3.26726,-0.826727
3.27354,-0.828908
3.27982,-0.830289
3.28611,-0.831047
3.29239,-0.831317
3.29867,-0.831209
3.30496,-0.830806
3.31124,-0.830173
3.31752,-0.829359
3.32381,-0.828401
3.33009,-0.82733
3.33637,-0.826168
3.34265,-0.824933
3.34894,-0.823639
3.35522,-0.822295
3.3615,-0.820912
3.36779,-0.819496
3.37407,-0.818052
3.38035,-0.816585
3.38664,-0.815099
3.39292,-0.813598
3.3992,-0.812083
3.40549,-0.810556
3.41177,-0.80902
3.41805,-0.807476
3.42434,-0.805924
3.43062,-0.804366
3.4369,-0.802803
3.44319,-0.801236
3.44947,-0.799664
3.45575,-0.798088
3.46204,-0.796509
3.46832,-0.794927
3.4746,-0.793342
3.48088,-0.791755
3.48717,-0.790165
3.49345,-0.788572
3.49973,-0.786977
3.50602,-0.78538
3.5123,-0.783781
3.51858,-0.782181
3.52487,-0.780577
3.53115,-0.778972
3.53743,-0.777366
3.54372,-0.775757
3.55,-0.774146
3.55628,-0.772534
3.56257,-0.77092
3.56885,-0.769304
3.57513,-0.767686
3.58142,-0.766067
3.5877,-0.764445
3.59398,-0.762823
3.60027,-0.761198
3.60655,-0.759572
3.61283,-0.757944
3.61911,-0.756315
3.6254,-0.754683
3.63168,-0.753051
3.63796,-0.751416
3.64425,-0.749781
3.65053,-0.748143
3.65681,-0.746504
3.6631,-0.744864
3.66938,-0.743222
3.67566,-0.741578
3.68195,-0.739933
3.68823,-0.738287
3.69451,-0.736638
3.7008,-0.734989
3.70708,-0.733338
3.71336,-0.731686
3.71965,-0.730032
3.72593,-0.728377
3.73221,-0.726721
3.7385,-0.725062
3.74478,-0.723403
3.75106,-0.721742
3.75734,-0.72008
3.76363,-0.718417
3.76991,-0.716752
3.77619,-0.715086
3.78248,-0.713419
3.78876,-0.71175
3.79504,-0.71008
3.80133,-0.708409
3.80761,-0.706736
3.81389,-0.705063
3.82018,-0.703387
3.82646,-0.701711
3.83274,-0.700033
3.83903,-0.698355
3.84531,-0.696675
3.85159,-0.694994
3.85788,-0.693311
3.86416,-0.691628
3.87044,-0.689943
3.87673,-0.688257
3.88301,-0.68657
3.88929,-0.684882
3.89558,-0.683192
3.90186,-0.681502
3.90814,-0.67981
3.91442,-0.678117
3.92071,-0.676423
3.92699,-0.674728
3.93327,-0.673032
3.93956,-0.671335
3.94584,-0.669637
3.95212,-0.667938
3.95841,-0.666237
3.96469,-0.664536
3.97097,-0.662833
3.97726,-0.66113
3.98354,-0.659425
3.98982,-0.65772
3.99611,-0.656013
4.00239,-0.654305
4.00867,-0.652597
4.01496,-0.650887
4.02124,-0.649177
4.02752,-0.647465
4.0338,-0.645753
4.04009,-0.644039
4.04637,-0.642325
4.05265,-0.640609
4.05894,-0.638892
4.06522,-0.637175
4.0715,-0.635457
4.07779,-0.633737
4.08407,-0.632017
4.09035,-0.630296
4.09664,-0.628575
4.10292,-0.626852
4.1092,-0.625128
4.11549,-0.623403
4.12177,-0.621678
4.12805,-0.619951
4.13434,-0.618224
4.14062,-0.616496
4.1469,-0.614766
4.15319,-0.613037
4.15947,-0.611306
4.16575,-0.609574
4.17204,-0.607842
4.17832,-0.606109
4.1846,-0.604374
4.19088,-0.60264
4.19717,-0.600904
4.20345,-0.599167
4.20973,-0.59743
4.21602,-0.595692
4.2223,-0.593953
4.22858,-0.592213
4.23487,-0.590472
4.24115,-0.588731
4.24743,-0.586989
4.25372,-0.585246
4.26,-0.583502
4.26628,-0.581758
4.27257,-0.580013
4.27885,-0.578267
4.28513,-0.576521
4.29142,-0.574773
4.2977,-0.573025
4.30398,-0.571276
4.31027,-0.569527
4.31655,-0.567776
4.32283,-0.566025
4.32911,-0.564274
4.3354,-0.562521
4.34168,-0.560768
4.34796,-0.559014
4.35425,-0.55726
4.36053,-0.555505
4.36681,-0.553749
4.3731,-0.551992
4.37938,-0.550235
4.38566,-0.548477
4.39195,-0.546718
4.39823,-0.544959
4.40451,-0.543199
4.4108,-0.541438
4.41708,-0.539677
4.42336,-0.537915
4.42965,-0.536153
4.43593,-0.53439
4.44221,-0.532626
4.4485,-0.530861
4.45478,-0.529096
4.46106,-0.527331
4.46734,-0.525564
4.47363,-0.523797
4.47991,-0.52203
4.48619,-0.520262
4.49248,-0.518493
4.49876,-0.516724
4.50504,-0.514954
4.51133,-0.513183
4.51761,-0.511412
4.52389,-0.50964
4.53018,-0.507868
4.53646,-0.506095
4.54274,-0.504322
4.54903,-0.502548
4.55531,-0.500773
4.56159,-0.498998
4.56788,-0.497223
4.57416,-0.495446
4.58044,-0.493669
4.58673,-0.491892
4.59301,-0.490114
4.59929,-0.488336
4.60558,-0.486557
4.61186,-0.484777
4.61814,-0.482997
4.62442,-0.481216
4.63071,-0.479435
4.63699,-0.477654
4.64327,-0.475871
4.64956,-0.474089
4.65584,-0.472306
4.66212,-0.470522
4.66841,-0.468738
4.67469,-0.466953
4.68097,-0.465168
4.68726,-0.463382
4.69354,-0.461596
4.69982,-0.459809
4.70611,-0.458022
4.71239,-0.456234
4.71867,-0.454446
4.72496,-0.452658
4.73124,-0.450869
4.73752,-0.449079
4.7438,-0.447289
4.75009,-0.445499
4.75637,-0.443708
4.76265,-0.441916
4.76894,-0.440124
4.77522,-0.438332
4.7815,-0.436539
4.78779,-0.434746
4.79407,-0.432952
4.80035,-0.431158
4.80664,-0.429363
4.81292,-0.427568
4.8192,-0.425772
4.82549,-0.423977
4.83177,-0.42218
4.83805,-0.420384
4.84434,-0.418586
4.85062,-0.416789
4.8569,-0.414991
4.86319,-0.413192
4.86947,-0.411393
4.87575,-0.409594
4.88204,-0.407795
4.88832,-0.405994
4.8946,-0.404194
4.90088,-0.402393
4.90717,-0.400592
4.91345,-0.39879
4.91973,-0.396988
4.92602,-0.395185
4.9323,-0.393382
4.93858,-0.391579
4.94487,-0.389776
4.95115,-0.387971
4.95743,-0.386167
4.96372,-0.384362
4.97,-0.382557
4.97628,-0.380751
4.98257,-0.378945
4.98885,-0.377139
4.99513,-0.375333
5.00142,-0.373526
5.0077,-0.371718
5.01398,-0.369911
5.02027,-0.368103
5.02655,-0.366294
5.03283,-0.364485
5.03911,-0.362676
5.0454,-0.360867
5.05168,-0.359057
5.05796,-0.357247
5.06425,-0.355436
5.07053,-0.353626
5.07681,-0.351814
5.0831,-0.350003
5.08938,-0.348191
5.09566,-0.346379
5.10195,-0.344566
5.10823,-0.342754
5.11451,-0.34094
5.1208,-0.339127
5.12708,-0.337313
5.13336,-0.335499
5.13965,-0.333685
5.14593,-0.33187
5.15221,-0.330055
5.1585,-0.32824
5.16478,-0.326424
5.17106,-0.324608
5.17734,-0.322792
5.18363,-0.320975
5.18991,-0.319158
5.19619,-0.317341
5.20248,-0.315524
5.20876,-0.313706
5.21504,-0.311888
5.22133,-0.31007
5.22761,-0.308251
5.23389,-0.306432
5.24018,-0.304613
5.24646,-0.302794
5.25274,-0.300974
5.25903,-0.299154
5.26531,-0.297334
5.27159,-0.295513
5.27788,-0.293692
5.28416,-0.291871
5.29044,-0.29005
5.29673,-0.288228
5.30301,-0.286406
5.30929,-0.284584
5.31558,-0.282762
5.32186,-0.280939
5.32814,-0.279116
5.33442,-0.277293
5.34071,-0.27547
5.34699,-0.273646
5.35327,-0.271822
5.35956,-0.269998
5.36584,-0.268174
5.37212,-0.266349
5.37841,-0.264524
5.38469,-0.262699
5.39097,-0.260874
5.39726,-0.259048
5.40354,-0.257222
5.40982,-0.255396
5.41611,-0.25357
5.42239,-0.251743
5.42867,-0.249916
5.43496,-0.24809
5.44124,-0.246262
5.44752,-0.244435
5.4538,-0.242607
5.46009,-0.24078
5.46637,-0.238951
5.47265,-0.237123
5.47894,-0.235295
5.48522,-0.233466
5.4915,-0.231637
5.49779,-0.229808
5.50407,-0.227978
5.51035,-0.226149
5.51664,-0.224319
5.52292,-0.222489
5.5292,-0.220659
5.53549,-0.218829
5.54177,-0.216998
5.54805,-0.215167
5.55434,-0.213336
5.56062,-0.211505
5.5669,-0.209674
5.57319,-0.207842
5.57947,-0.206011
5.58575,-0.204179
5.59203,-0.202346
5.59832,-0.200514
5.6046,-0.198682
5.61088,-0.196849
5.61717,-0.195016
5.62345,-0.193183
5.62973,-0.19135
5.63602,-0.189517
5.6423,-0.187683
5.64858,-0.18585
5.65487,-0.184016
5.66115,-0.182182
5.66743,-0.180347
5.67372,-0.178513
5.68,-0.176679
5.68628,-0.174844
5.69257,-0.173009
5.69885,-0.171174
5.70513,-0.169339
5.71142,-0.167504
5.7177,-0.165668
5.72398,-0.163832
5.73027,-0.161996
5.73655,-0.160161
5.74283,-0.158325
5.74911,-0.156488
5.7554,-0.154652
5.76168,-0.152815
5.76796,-0.150978
5.77425,-0.149142
5.78053,-0.147304
5.78681,-0.145467
5.7931,-0.14363
5.79938,-0.141793
5.80566,-0.139956
5.81195,-0.138118
5.81823,-0.13628
5.82451,-0.134442
5.8308,-0.132604
5.83708,-0.130765
5.84336,-0.128927
5.84965,-0.127089
5.85593,-0.12525
5.86221,-0.123412
5.86849,-0.121572
5.87478,-0.119734
5.88106,-0.117895
5.88734,-0.116056
5.89363,-0.114216
5.89991,-0.112376
5.90619,-0.110537
5.91248,-0.108697
5.91876,-0.106858
5.92504,-0.105018
5.93133,-0.103178
5.93761,-0.101338
5.94389,-0.0994974
5.95018,-0.0976571
5.95646,-0.0958168
5.96274,-0.093976
5.96903,-0.0921354
5.97531,-0.0902948
5.98159,-0.088454
5.98788,-0.0866131
5.99416,-0.0847717
6.00044,-0.0829306
6.00673,-0.0810895
6.01301,-0.0792482
6.01929,-0.0774069
6.02557,-0.0755651
6.03186,-0.0737236
6.03814,-0.071882
6.04442,-0.0700402
6.05071,-0.0681984
6.05699,-0.0663562
6.06327,-0.0645142
6.06956,-0.0626722
6.07584,-0.0608301
6.08212,-0.0589875
6.08841,-0.0571452
6.09469,-0.0553029
6.10097,-0.0534604
6.10726,-0.0516179
6.11354,-0.049775
6.11982,-0.0479323
6.12611,-0.0460896
6.13239,-0.0442468
6.13867,-0.0424039
6.14496,-0.0405606
6.15124,-0.0387176
6.15752,-0.0368745
6.16381,-0.0350314
6.17009,-0.0331882
6.17637,-0.0313445
6.18265,-0.0295013
6.18894,-0.0276579
6.19522,-0.0258144
6.2015,-0.0239709
6.20779,-0.022127
6.21407,-0.0202834
6.22035,-0.0184397
6.22664,-0.016596
6.23292,-0.0147523
6.2392,-0.012908
6.24549,-0.0110642
6.25177,-0.00922026
6.25805,-0.00737632
6.26434,-0.00553235
6.27062,-0.00368793
6.2769,-0.00184391
6.28319,1.74846e-07
0,0
0.00628319,0.00127313
0.0125664,0.00241589
0.0188496,0.0035649
0.0251327,0.00471601
0.0314159,0.00586722
0.0376991,0.00701772
0.0439823,0.00816734
0.0502655,0.00931621
0.0565487,0.0104645
0.0628319,0.0116124
0.069115,0.0127602
0.0753982,0.0139078
0.0816814,0.0150555
0.0879646,0.0162033
0.0942478,0.0173511
0.100531,0.0184989
0.106814,0.0196468
0.113097,0.0207947
0.119381,0.0219426
0.125664,0.0230905
0.131947,0.0242383
0.13823,0.0253861
0.144513,0.0265339
0.150796,0.0276816
0.15708,0.0288293
0.163363,0.029977
0.169646,0.0311245
0.175929,0.032272
0.182212,0.0334195
0.188496,0.034567
0.194779,0.0357144
0.201062,0.0368618
0.207345,0.0380091
0.213628,0.0391564
0.219911,0.0403037
0.226195,0.0414509
0.232478,0.0425981
0.238761,0.0437452
0.245044,0.0448924
0.251327,0.0460395
0.257611,0.0471865
0.263894,0.0483336
0.270177,0.0494806
0.27646,0.0506276
0.282743,0.0517744
0.289027,0.0529213
0.29531,0.0540682
0.301593,0.055215
0.307876,0.0563618
0.314159,0.0575086
0.320442,0.0586553
0.326726,0.059802
0.333009,0.0609486
0.339292,0.0620953
0.345575,0.0632418
0.351858,0.0643883
0.358142,0.0655349
0.364425,0.0666813
0.370708,0.0678278
0.376991,0.0689743
0.383274,0.0701206
0.389558,0.0712669
0.395841,0.0724133
0.402124,0.0735596
0.408407,0.0747058
0.41469,0.075852
0.420973,0.0769982
0.427257,0.0781444
0.43354,0.0792903
0.439823,0.0804366
0.446106,0.0815826
0.452389,0.0827286
0.458673,0.0838746
0.464956,0.0850206
0.471239,0.0861664
0.477522,0.0873124
0.483805,0.0884583
0.490088,0.0896041
0.496372,0.0907499
0.502655,0.0918956
0.508938,0.0930415
0.515221,0.0941871
0.521504,0.0953327
0.527788,0.0964784
0.534071,0.0976242
0.540354,0.0987696
0.546637,0.0999153
0.55292,0.101061
0.559204,0.102206
0.565487,0.103352
0.57177,0.104497
0.578053,0.105643
0.584336,0.106788
0.590619,0.107933
0.596903,0.109079
0.603186,0.110224
0.609469,0.111369
0.615752,0.112514
0.622035,0.11366
0.628319,0.114805
0.634602,0.11595
0.640885,0.117095
0.647168,0.11824
0.653451,0.119385
0.659734,0.12053
0.666018,0.121675
0.672301,0.12282
0.678584,0.123965
0.684867,0.12511
0.69115,0.126255
0.697434,0.127399
0.703717,0.128544
0.71,0.129689
0.716283,0.130834
0.722566,0.131979
0.72885,0.133123
0.735133,0.134268
0.741416,0.135413
0.747699,0.136557
0.753982,0.137702
0.760265,0.138846
0.766549,0.139991
0.772832,0.141135
0.779115,0.14228
0.785398,0.143424
0.791681,0.144568
0.797965,0.145713
0.804248,0.146857
0.810531,0.148002
0.816814,0.149146
0.823097,0.15029
0.82938,0.151434
0.835664,0.152579
0.841947,0.153723
0.84823,0.154867
0.854513,0.156011
0.860796,0.157155
0.86708,0.158299
0.873363,0.159443
0.879646,0.160587
0.885929,0.161731
0.892212,0.162875
0.898495,0.164019
0.904779,0.165163
0.911062,0.166307
0.917345,0.16745
0.923628,0.168594
0.929911,0.169738
0.936195,0.170881
0.942478,0.172025
0.948761,0.173169
0.955044,0.174312
0.961327,0.175456
0.967611,0.176599
0.973894,0.177743
0.980177,0.178886
0.98646,0.18003
0.992743,0.181173
0.999026,0.182317
1.00531,0.18346
1.01159,0.184603
1.01788,0.185747
1.02416,0.18689
1.03044,0.188033
1.03673,0.189177
1.04301,0.190319
1.04929,0.191463
1.05558,0.192606
1.06186,0.193749
1.06814,0.194892
1.07442,0.196035
1.08071,0.197178
1.08699,0.198321
1.09327,0.199464
1.09956,0.200606
1.10584,0.201749
1.11212,0.202892
1.11841,0.204035
1.12469,0.205178
1.13097,0.20632
1.13726,0.207463
1.14354,0.208605
1.14982,0.209748
1.15611,0.210891
1.16239,0.212033
1.16867,0.213176
1.17496,0.214318
1.18124,0.215461
1.18752,0.216603
1.19381,0.217745
1.20009,0.218888
1.20637,0.22003
1.21265,0.221172
1.21894,0.222314
1.22522,0.223456
1.2315,0.224598
1.23779,0.22574
1.24407,0.226882
1.25035,0.228024
1.25664,0.229166
1.26292,0.230308
1.2692,0.23145
1.27549,0.232592
1.28177,0.233734
1.28805,0.234875
1.29434,0.236017
1.30062,0.237159
1.3069,0.2383
1.31319,0.239442
1.31947,0.240583
1.32575,0.241725
1.33204,0.242866
1.33832,0.244008
1.3446,0.245149
1.35088,0.24629
1.35717,0.247432
1.36345,0.248573
1.36973,0.249714
1.37602,0.250855
1.3823,0.251996
1.38858,0.253138
1.39487,0.254278
1.40115,0.255419
1.40743,0.25656
1.41372,0.257701
1.42,0.258842
1.42628,0.259983
1.43257,0.261124
1.43885,0.262264
1.44513,0.263405
1.45142,0.264545
1.4577,0.265686
1.46398,0.266826
1.47027,0.267967
1.47655,0.269107
1.48283,0.270248
1.48911,0.271388
1.4954,0.272528
1.50168,0.273668
1.50796,0.274809
1.51425,0.275949
1.52053,0.277088
1.52681,0.278229
1.5331,0.279369
1.53938,0.280508
1.54566,0.281648
1.55195,0.282788
1.55823,0.283928
1.56451,0.285068
1.5708,0.286207
1.57708,0.287347
1.58336,0.288486
1.58965,0.289626
1.59593,0.290765
1.60221,0.291905
1.6085,0.293044
1.61478,0.294183
1.62106,0.295322
1.62735,0.296461
1.63363,0.2976
1.63991,0.29874
1.64619,0.299878
1.65248,0.301017
1.65876,0.302156
1.66504,0.303295
1.67133,0.304434
1.67761,0.305572
1.68389,0.306711
1.69018,0.30785
1.69646,0.308988
1.70274,0.310126
1.70903,0.311265
1.71531,0.312403
1.72159,0.313541
1.72788,0.31468
1.73416,0.315818
1.74044,0.316956
1.74673,0.318094
1.75301,0.319232
1.75929,0.32037
1.76558,0.321507
1.77186,0.322645
1.77814,0.323783
1.78442,0.324921
1.79071,0.326058
1.79699,0.327196
1.80327,0.328333
1.80956,0.32947
1.81584,0.330607
1.82212,0.331745
1.82841,0.332882
1.83469,0.334019
1.84097,0.335156
1.84726,0.336293
1.85354,0.33743
1.85982,0.338567
1.86611,0.339703
1.87239,0.34084
1.87867,0.341977
1.88496,0.343113
1.89124,0.34425
1.89752,0.345386
1.90381,0.346522
1.91009,0.347658
1.91637,0.348795
1.92265,0.349931
1.92894,0.351067
1.93522,0.352203
1.9415,0.353339
1.94779,0.354474
1.95407,0.35561
1.96035,0.356746
1.96664,0.357881
1.97292,0.359017
1.9792,0.360152
1.98549,0.361287
1.99177,0.362423
1.99805,0.363558
2.00434,0.364693
2.01062,0.365828
2.0169,0.366963
2.02319,0.368098
2.02947,0.369233
2.03575,0.370367
2.04204,0.371502
2.04832,0.372636
2.0546,0.373771
2.06088,0.374905
2.06717,0.37604
2.07345,0.377174
2.07973,0.378308
2.08602,0.379442
2.0923,0.380576
2.09858,0.38171
2.10487,0.382844
2.11115,0.383977
2.11743,0.385111
2.12372,0.386244
2.13,0.387378
2.13628,0.388511
2.14257,0.389644
2.14885,0.390778
2.15513,0.391911
2.16142,0.393044
2.1677,0.394177
2.17398,0.395309
2.18027,0.396442
2.18655,0.397575
2.19283,0.398708
2.19911,0.39984
2.2054,0.400972
2.21168,0.402105
2.21796,0.403237
2.22425,0.404369
2.23053,0.4055
2.23681,0.406633
2.2431,0.407764
2.24938,0.408896
2.25566,0.410028
2.26195,0.411159
2.26823,0.412291
2.27451,0.413422
2.2808,0.414553
2.28708,0.415684
2.29336,0.416815
2.29965,0.417946
2.30593,0.419077
2.31221,0.420208
2.3185,0.421339
2.32478,0.422469
2.33106,0.4236
2.33734,0.42473
2.34363,0.42586
2.34991,0.42699
2.35619,0.42812
2.36248,0.42925
2.36876,0.43038
2.37504,0.43151
2.38133,0.432639
2.38761,0.433769
2.39389,0.434898
2.40018,0.436027
2.40646,0.437157
2.41274,0.438286
2.41903,0.439415
2.42531,0.440543
2.43159,0.441672
2.43788,0.442801
2.44416,0.443929
2.45044,0.445058
2.45673,0.446186
2.46301,0.447314
2.46929,0.448443
2.47557,0.44957
2.48186,0.450698
2.48814,0.451826
2.49442,0.452953
2.50071,0.454081
2.50699,0.455208
2.51327,0.456336
2.51956,0.457463
2.52584,0.458589
2.53212,0.459717
2.53841,0.460843
2.54469,0.46197
2.55097,0.463096
2.55726,0.464222
2.56354,0.465349
2.56982,0.466475
2.57611,0.467601
2.58239,0.468726
2.58867,0.469852
2.59496,0.470977
2.60124,0.472102
2.60752,0.473227
2.61381,0.474352
2.62009,0.475477
2.62637,0.476601
2.63265,0.477725
2.63894,0.478849
2.64522,0.479972
2.6515,0.481095
2.65779,0.482218
2.66407,0.48334
2.67035,0.484462
2.67664,0.485583
2.68292,0.486704
2.6892,0.487824
2.69549,0.488944
2.70177,0.490062
2.70805,0.49118
2.71434,0.492297
2.72062,0.493412
2.7269,0.494526
2.73319,0.495638
2.73947,0.496749
2.74575,0.497857
2.75204,0.498963
2.75832,0.500067
2.7646,0.501167
2.77088,0.502263
2.77717,0.503356
2.78345,0.504443
2.78973,0.505525
2.79602,0.5066
2.8023,0.507667
2.80858,0.508727
2.81487,0.509776
2.82115,0.510813
2.82743,0.511837
2.83372,0.512845
2.84,0.513836
2.84628,0.514805
2.85257,0.51575
2.85885,0.516668
2.86513,0.517553
2.87142,0.518401
2.8777,0.519205
2.88398,0.51996
2.89027,0.520656
2.89655,0.521285
2.90283,0.521837
2.90911,0.522299
2.9154,0.522657
2.92168,0.522895
2.92796,0.522994
2.93425,0.522932
2.94053,0.522685
2.94681,0.522224
2.9531,0.521517
2.95938,0.520526
2.96566,0.519208
2.97195,0.517516
2.97823,0.515396
2.98451,0.512784
2.9908,0.509612
2.99708,0.505802
3.00336,0.501266
3.00965,0.495908
3.01593,0.489619
3.02221,0.482282
3.0285,0.473766
3.03478,0.463928
3.04106,0.452618
3.04734,0.439676
3.05363,0.424936
3.05991,0.40824
3.06619,0.389432
3.07248,0.36838
3.07876,0.344981
3.08504,0.319175
3.09133,0.290952
3.09761,0.260361
3.10389,0.227509
3.11018,0.192567
3.11646,0.155759
3.12274,0.117369
3.12903,0.0777316
3.13531,0.037236
3.14159,-0.00368541
3.14788,-0.044572
3.15416,-0.0849589
3.16044,-0.124404
3.16673,-0.162515
3.17301,-0.19896
3.17929,-0.233479
3.18558,-0.265871
3.19186,-0.295998
3.19814,-0.323774
3.20442,-0.349161
3.21071,-0.372175
3.21699,-0.392873
3.22327,-0.411354
3.22956,-0.427746
3.23584,-0.442198
3.24212,-0.454874
3.24841,-0.465935
3.25469,-0.475544
3.26097,-0.483854
3.26726,-0.491005
3.27354,-0.497128
3.27982,-0.502343
3.28611,-0.506753
3.29239,-0.510456
3.29867,-0.513535
3.30496,-0.516068
3.31124,-0.518121
3.31752,-0.519755
3.32381,-0.521023
3.33009,-0.521971
3.33637,-0.522642
3.34265,-0.523071
3.34894,-0.523291
3.35522,-0.523329
3.3615,-0.52321
3.36779,-0.522955
3.37407,-0.522581
3.38035,-0.522106
3.38664,-0.521543
3.39292,-0.520904
3.3992,-0.5202
3.40549,-0.519438
3.41177,-0.518628
3.41805,-0.517775
3.42434,-0.516885
3.43062,-0.515964
3.4369,-0.515015
3.44319,-0.514043
3.44947,-0.513051
3.45575,-0.512041
3.46204,-0.511015
3.46832,-0.509976
3.4746,-0.508927
3.48088,-0.507867
3.48717,-0.506798
3.49345,-0.505722
3.49973,-0.50464
3.50602,-0.503552
3.5123,-0.50246
3.51858,-0.501364
3.52487,-0.500263
3.53115,-0.499159
3.53743,-0.498054
3.54372,-0.496945
3.55,-0.495835
3.55628,-0.494722
3.56257,-0.493609
3.56885,-0.492493
3.57513,-0.491377
3.58142,-0.49026
3.5877,-0.489141
3.59398,-0.488022
3.60027,-0.486902
3.60655,-0.485781
3.61283,-0.48466
3.61911,-0.483539
3.6254,-0.482417
3.63168,-0.481294
3.63796,-0.480171
3.64425,-0.479049
3.65053,-0.477925
3.65681,-0.476801
3.6631,-0.475677
3.66938,-0.474553
3.67566,-0.473428
3.68195,-0.472303
3.68823,-0.471179
3.69451,-0.470053
3.7008,-0.468928
3.70708,-0.467803
3.71336,-0.466677
3.71965,-0.465552
3.72593,-0.464425
3.73221,-0.463299
3.7385,-0.462173
3.74478,-0.461047
3.75106,-0.45992
3.75734,-0.458793
3.76363,-0.457667
3.76991,-0.45654
3.77619,-0.455413
3.78248,-0.454285
3.78876,-0.453158
3.79504,-0.452031
3.80133,-0.450903
3.80761,-0.449776
3.81389,-0.448648
3.82018,-0.44752
3.82646,-0.446392
3.83274,-0.445264
3.83903,-0.444136
3.84531,-0.443008
3.85159,-0.441879
3.85788,-0.44075
3.86416,-0.439622
3.87044,-0.438493
3.87673,-0.437364
3.88301,-0.436235
3.88929,-0.435106
3.89558,-0.433977
3.90186,-0.432847
3.90814,-0.431718
3.91442,-0.430588
3.92071,-0.429458
3.92699,-0.428329
3.93327,-0.427199
3.93956,-0.426069
3.94584,-0.424939
3.95212,-0.423808
3.95841,-0.422678
3.96469,-0.421548
3.97097,-0.420418
3.97726,-0.419287
3.98354,-0.418156
3.98982,-0.417025
3.99611,-0.415894
4.00239,-0.414763
4.00867,-0.413632
4.01496,-0.412501
4.02124,-0.41137
4.02752,-0.410238
4.0338,-0.409107
4.04009,-0.407975
4.04637,-0.406843
4.05265,-0.405711
4.05894,-0.404579
4.06522,-0.403448
4.0715,-0.402315
4.07779,-0.401183
4.08407,-0.40005
4.09035,-0.398918
4.09664,-0.397786
4.10292,-0.396653
4.1092,-0.39552
4.11549,-0.394387
4.12177,-0.393255
4.12805,-0.392122
4.13434,-0.390989
4.14062,-0.389856
4.1469,-0.388722
4.15319,-0.387589
4.15947,-0.386455
4.16575,-0.385322
4.17204,-0.384188
4.17832,-0.383055
4.1846,-0.381921
4.19088,-0.380787
4.19717,-0.379653
4.20345,-0.378519
4.20973,-0.377385
4.21602,-0.37625
4.2223,-0.375116
4.22858,-0.373981
4.23487,-0.372847
4.24115,-0.371712
4.24743,-0.370578
4.25372,-0.369443
4.26,-0.368308
4.26628,-0.367173
4.27257,-0.366038
4.27885,-0.364902
4.28513,-0.363768
4.29142,-0.362632
4.2977,-0.361497
4.30398,-0.360361
4.31027,-0.359226
4.31655,-0.35809
4.32283,-0.356954
4.32911,-0.355819
4.3354,-0.354683
4.34168,-0.353547
4.34796,-0.352411
4.35425,-0.351274
4.36053,-0.350138
4.36681,-0.349002
4.3731,-0.347866
4.37938,-0.346729
4.38566,-0.345593
4.39195,-0.344456
4.39823,-0.343319
4.40451,-0.342183
4.4108,-0.341046
4.41708,-0.339909
4.42336,-0.338772
4.42965,-0.337635
4.43593,-0.336498
4.44221,-0.335361
4.4485,-0.334223
4.45478,-0.333086
4.46106,-0.331948
4.46734,-0.330811
4.47363,-0.329673
4.47991,-0.328536
4.48619,-0.327398
4.49248,-0.32626
4.49876,-0.325122
4.50504,-0.323984
4.51133,-0.322846
4.51761,-0.321708
4.52389,-0.32057
4.53018,-0.319432
4.53646,-0.318293
4.54274,-0.317155
4.54903,-0.316016
4.55531,-0.314878
4.56159,-0.313739
4.56788,-0.312601
4.57416,-0.311462
4.58044,-0.310323
4.58673,-0.309184
4.59301,-0.308045
4.59929,-0.306906
4.60558,-0.305767
4.61186,-0.304628
4.61814,-0.303489
4.62442,-0.302349
4.63071,-0.30121
4.63699,-0.300071
4.64327,-0.298931
4.64956,-0.297792
4.65584,-0.296652
4.66212,-0.295512
4.66841,-0.294373
4.67469,-0.293233
4.68097,-0.292093
4.68726,-0.290953
4.69354,-0.289813
4.69982,-0.288673
4.70611,-0.287533
4.71239,-0.286392
4.71867,-0.285252
4.72496,-0.284112
4.73124,-0.282972
4.73752,-0.281831
4.7438,-0.28069
4.75009,-0.27955
4.75637,-0.278409
4.76265,-0.277269
4.76894,-0.276128
4.77522,-0.274987
4.7815,-0.273846
4.78779,-0.272705
4.79407,-0.271564
4.80035,-0.270423
4.80664,-0.269282
4.81292,-0.268141
4.8192,-0.267
4.82549,-0.265859
4.83177,-0.264717
4.83805,-0.263576
4.84434,-0.262434
4.85062,-0.261293
4.8569,-0.260151
4.86319,-0.25901
4.86947,-0.257868
4.87575,-0.256726
4.88204,-0.255584
4.88832,-0.254442
4.8946,-0.2533
4.90088,-0.252158
4.90717,-0.251016
4.91345,-0.249874
4.91973,-0.248732
4.92602,-0.24759
4.9323,-0.246448
4.93858,-0.245306
4.94487,-0.244163
4.95115,-0.243021
4.95743,-0.241878
4.96372,-0.240736
4.97,-0.239593
4.97628,-0.238451
4.98257,-0.237308
4.98885,-0.236165
4.99513,-0.235023
5.00142,-0.23388
5.0077,-0.232737
5.01398,-0.231594
5.02027,-0.230451
5.02655,-0.229308
5.03283,-0.228165
5.03911,-0.227022
5.0454,-0.225879
5.05168,-0.224736
5.05796,-0.223592
5.06425,-0.222449
5.07053,-0.221306
5.07681,-0.220162
5.0831,-0.219019
5.08938,-0.217875
5.09566,-0.216732
5.10195,-0.215588
5.10823,-0.214445
5.11451,-0.213301
5.1208,-0.212157
5.12708,-0.211013
5.13336,-0.20987
5.13965,-0.208726
5.14593,-0.207582
5.15221,-0.206438
5.1585,-0.205294
5.16478,-0.20415
5.17106,-0.203006
5.17734,-0.201862
5.18363,-0.200717
5.18991,-0.199573
5.19619,-0.198429
5.20248,-0.197285
5.20876,-0.19614
5.21504,-0.194996
5.22133,-0.193852
5.22761,-0.192707
5.23389,-0.191562
5.24018,-0.190418
5.24646,-0.189273
5.25274,-0.188129
5.25903,-0.186984
5.26531,-0.185839
5.27159,-0.184694
5.27788,-0.18355
5.28416,-0.182405
5.29044,-0.18126
5.29673,-0.180115
5.30301,-0.17897
5.30929,-0.177825
5.31558,-0.17668
5.32186,-0.175535
5.32814,-0.17439
5.33442,-0.173244
5.34071,-0.172099
5.34699,-0.170954
5.35327,-0.169809
5.35956,-0.168663
5.36584,-0.167518
5.37212,-0.166373
5.37841,-0.165227
5.38469,-0.164082
5.39097,-0.162936
5.39726,-0.161791
5.40354,-0.160645
5.40982,-0.159499
5.41611,-0.158354
5.42239,-0.157208
5.42867,-0.156062
5.43496,-0.154917
5.44124,-0.153771
5.44752,-0.152625
5.4538,-0.151479
5.46009,-0.150333
5.46637,-0.149187
5.47265,-0.148041
5.47894,-0.146895
5.48522,-0.145749
5.4915,-0.144603
5.49779,-0.143457
5.50407,-0.142311
5.51035,-0.141165
5.51664,-0.140019
5.52292,-0.138873
5.5292,-0.137727
5.53549,-0.13658
5.54177,-0.135434
5.54805,-0.134287
5.55434,-0.133141
5.56062,-0.131994
5.5669,-0.130848
5.57319,-0.129701
5.57947,-0.128555
5.58575,-0.127409
5.59203,-0.126262
5.59832,-0.125115
5.6046,-0.123969
5.61088,-0.122822
5.61717,-0.121675
5.62345,-0.120529
5.62973,-0.119382
5.63602,-0.118235
5.6423,-0.117088
5.64858,-0.115942
5.65487,-0.114794
5.66115,-0.113648
5.66743,-0.112501
5.67372,-0.111354
5.68,-0.110207
5.68628,-0.10906
5.69257,-0.107913
5.69885,-0.106766
5.70513,-0.105619
5.71142,-0.104472
5.7177,-0.103324
5.72398,-0.102177
5.73027,-0.10103
5.73655,-0.0998829
5.74283,-0.0987358
5.74911,-0.0975882
5.7554,-0.0964412
5.76168,-0.0952939
5.76796,-0.0941464
5.77425,-0.0929992
5.78053,-0.0918515
5.78681,-0.0907042
5.7931,-0.0895568
5.79938,-0.0884096
5.80566,-0.0872622
5.81195,-0.0861143
5.81823,-0.0849669
5.82451,-0.0838194
5.8308,-0.0826719
5.83708,-0.081524
5.84336,-0.0803765
5.84965,-0.0792289
5.85593,-0.0780815
5.86221,-0.0769337
5.86849,-0.0757858
5.87478,-0.0746381
5.88106,-0.0734904
5.88734,-0.0723428
5.89363,-0.0711951
5.89991,-0.070047
5.90619,-0.0688992
5.91248,-0.0677515
5.91876,-0.0666037
5.92504,-0.0654559
5.93133,-0.0643076
5.93761,-0.0631598
5.94389,-0.0620119
5.95018,-0.060864
5.95646,-0.0597162
5.96274,-0.0585678
5.96903,-0.0574199
5.97531,-0.056272
5.98159,-0.055124
5.98788,-0.053976
5.99416,-0.0528275
6.00044,-0.0516795
6.00673,-0.0505315
6.01301,-0.0493833
6.01929,-0.0482353
6.02557,-0.0470868
6.03186,-0.0459388
6.03814,-0.0447906
6.04442,-0.0436424
6.05071,-0.0424943
6.05699,-0.0413457
6.06327,-0.0401975
6.06956,-0.0390493
6.07584,-0.0379012
6.08212,-0.0367525
6.08841,-0.0356043
6.09469,-0.034456
6.10097,-0.0333077
6.10726,-0.0321594
6.11354,-0.0310107
6.11982,-0.0298624
6.12611,-0.0287141
6.13239,-0.0275657
6.13867,-0.0264173
6.14496,-0.0252686
6.15124,-0.0241202
6.15752,-0.0229718
6.16381,-0.0218234
6.17009,-0.0206749
6.17637,-0.0195261
6.18265,-0.0183777
6.18894,-0.0172292
6.19522,-0.0160807
6.2015,-0.0149322
6.20779,-0.0137834
6.21407,-0.0126349
6.22035,-0.0114863
6.22664,-0.0103378
6.23292,-0.00918927
6.2392,-0.00804033
6.24549,-0.00689178
6.25177,-0.00574319
6.25805,-0.00459459
6.26434,-0.00344601
6.27062,-0.00229703
6.2769,-0.00114845
6.28319,1.74846e-07
0,0
0.00628319,0.000896626
0.0125664,0.00173
0.0188496,0.00256815
0.0251327,0.00340718
0.0314159,0.00424562
0.0376991,0.00508317
0.0439823,0.00591996
0.0502655,0.00675627
0.0565487,0.00759234
0.0628319,0.00842834
0.069115,0.00926438
0.0753982,0.0101005
0.0816814,0.0109367
0.0879646,0.011773
0.0942478,0.0126093
0.100531,0.0134456
0.106814,0.014282
0.113097,0.0151183
0.119381,0.0159546
0.125664,0.0167909
0.131947,0.0176271
0.13823,0.0184634
0.144513,0.0192996
0.150796,0.0201358
0.15708,0.020972
0.163363,0.0218082
0.169646,0.0226443
0.175929,0.0234804
0.182212,0.0243166
0.188496,0.0251527
0.194779,0.0259888
0.201062,0.0268249
0.207345,0.027661
0.213628,0.028497
0.219911,0.0293331
0.226195,0.0301691
0.232478,0.0310052
0.238761,0.0318412
0.245044,0.0326772
0.251327,0.0335132
0.257611,0.0343492
0.263894,0.0351851
0.270177,0.0360211
0.27646,0.0368571
0.282743,0.0376929
0.289027,0.0385288
0.29531,0.0393648
0.301593,0.0402007
0.307876,0.0410366
0.314159,0.0418724
0.320442,0.0427083
0.326726,0.0435441
0.333009,0.0443799
0.339292,0.0452158
0.345575,0.0460516
0.351858,0.0468873
0.358142,0.0477231
0.364425,0.0485588
0.370708,0.0493946
0.376991,0.0502304
0.383274,0.051066
0.389558,0.0519018
0.395841,0.0527375
0.402124,0.0535732
0.408407,0.0544088
0.41469,0.0552445
0.420973,0.0560802
0.427257,0.0569158
0.43354,0.0577513
0.439823,0.058587
0.446106,0.0594226
0.452389,0.0602582
0.458673,0.0610938
0.464956,0.0619293
0.471239,0.0627648
0.477522,0.0636004
0.483805,0.064436
0.490088,0.0652714
0.496372,0.066107
0.502655,0.0669423
0.508938,0.0677779
0.515221,0.0686134
0.521504,0.0694487
0.527788,0.0702842
0.534071,0.0711197
0.540354,0.071955
0.546637,0.0727905
0.55292,0.0736258
0.559204,0.0744611
0.565487,0.0752966
0.57177,0.0761319
0.578053,0.0769672
0.584336,0.0778025
0.590619,0.0786378
0.596903,0.0794732
0.603186,0.0803085
0.609469,0.0811437
0.615752,0.0819789
0.622035,0.0828142
0.628319,0.0836493
0.634602,0.0844847
0.640885,0.0853198
0.647168,0.0861551
0.653451,0.0869901
0.659734,0.0878254
0.666018,0.0886605
0.672301,0.0894957
0.678584,0.0903308
0.684867,0.091166
0.69115,0.092001
0.697434,0.0928361
0.703717,0.0936713
0.71,0.0945062
0.716283,0.0953414
0.722566,0.0961764
0.72885,0.0970114
0.735133,0.0978464
0.741416,0.0986815
0.747699,0.0995164
0.753982,0.100351
0.760265,0.101187
0.766549,0.102021
0.772832,0.102856
0.779115,0.103691
0.785398,0.104526
0.791681,0.105361
0.797965,0.106196
0.804248,0.107031
0.810531,0.107866
0.816814,0.108701
0.823097,0.109536
0.82938,0.11037
0.835664,0.111205
0.841947,0.11204
0.84823,0.112875
0.854513,0.11371
0.860796,0.114544
0.86708,0.115379
0.873363,0.116214
0.879646,0.117049
0.885929,0.117883
0.892212,0.118718
0.898495,0.119553
0.904779,0.120387
0.911062,0.121222
0.917345,0.122057
0.923628,0.122891
0.929911,0.123726
0.936195,0.124561
0.942478,0.125395
0.948761,0.12623
0.955044,0.127065
0.961327,0.127899
0.967611,0.128734
0.973894,0.129568
0.980177,0.130403
0.98646,0.131237
0.992743,0.132072
0.999026,0.132906
1.00531,0.133741
1.01159,0.134575
1.01788,0.13541
1.02416,0.136244
1.03044,0.137079
1.03673,0.137913
1.04301,0.138747
1.04929,0.139582
1.05558,0.140417
1.06186,0.141251
1.06814,0.142085
1.07442,0.14292
1.08071,0.143754
1.08699,0.144588
1.09327,0.145423
1.09956,0.146257
1.10584,0.147091
1.11212,0.147925
1.11841,0.14876
1.12469,0.149594
1.13097,0.150428
1.13726,0.151263
1.14354,0.152097
1.14982,0.152931
1.15611,0.153765
1.16239,0.154599
1.16867,0.155434
1.17496,0.156268
1.18124,0.157102
1.18752,0.157936
1.19381,0.15877
1.20009,0.159605
1.20637,0.160438
1.21265,0.161273
1.21894,0.162106
1.22522,0.162941
1.2315,0.163775
1.23779,0.164609
1.24407,0.165443
1.25035,0.166277
1.25664,0.167111
1.26292,0.167945
1.2692,0.168779
1.27549,0.169613
1.28177,0.170447
1.28805,0.171281
1.29434,0.172115
1.30062,0.172949
1.3069,0.173782
1.31319,0.174616
1.31947,0.17545
1.32575,0.176284
1.33204,0.177118
1.33832,0.177952
1.3446,0.178786
1.35088,0.179619
1.35717,0.180453
1.36345,0.181287
1.36973,0.182121
1.37602,0.182955
1.3823,0.183788
1.38858,0.184622
1.39487,0.185456
1.40115,0.186289
1.40743,0.187123
1.41372,0.187957
1.42,0.18879
1.42628,0.189624
1.43257,0.190458
1.43885,0.191292
1.44513,0.192125
1.45142,0.192959
1.4577,0.193792
1.46398,0.194626
1.47027,0.195459
1.47655,0.196293
1.48283,0.197127
1.48911,0.19796
1.4954,0.198794
1.50168,0.199627
1.50796,0.20046
1.51425,0.201294
1.52053,0.202127
1.52681,0.202961
1.5331,0.203794
1.53938,0.204628
1.54566,0.205461
1.55195,0.206294
1.55823,0.207128
1.56451,0.207961
1.5708,0.208794
1.57708,0.209628
1.58336,0.210461
1.58965,0.211294
1.59593,0.212127
1.60221,0.212961
1.6085,0.213794
1.61478,0.214627
1.62106,0.21546
1.62735,0.216294
1.63363,0.217127
1.63991,0.21796
1.64619,0.218793
1.65248,0.219626
1.65876,0.220459
1.66504,0.221292
1.67133,0.222126
1.67761,0.222959
1.68389,0.223792
1.69018,0.224625
1.69646,0.225458
1.70274,0.226291
1.70903,0.227124
1.71531,0.227957
1.72159,0.22879
1.72788,0.229623
1.73416,0.230456
1.74044,0.231288
1.74673,0.232122
1.75301,0.232955
1.75929,0.233787
1.76558,0.23462
1.77186,0.235453
1.77814,0.236286
1.78442,0.237119
1.79071,0.237951
1.79699,0.238784
1.80327,0.239617
1.80956,0.24045
1.81584,0.241282
1.82212,0.242115
1.82841,0.242948
1.83469,0.243781
1.84097,0.244613
1.84726,0.245446
1.85354,0.246278
1.85982,0.247111
1.86611,0.247943
1.87239,0.248776
1.87867,0.249609
1.88496,0.250441
1.89124,0.251274
1.89752,0.252106
1.90381,0.252939
1.91009,0.253771
1.91637,0.254604
1.92265,0.255436
1.92894,0.256269
1.93522,0.257101
1.9415,0.257933
1.94779,0.258766
1.95407,0.259598
1.96035,0.260431
1.96664,0.261262
1.97292,0.262095
1.9792,0.262927
1.98549,0.263759
1.99177,0.264592
1.99805,0.265424
2.00434,0.266256
2.01062,0.267088
2.0169,0.26792
2.02319,0.268753
2.02947,0.269585
2.03575,0.270417
2.04204,0.271249
2.04832,0.272081
2.0546,0.272913
2.06088,0.273745
2.06717,0.274577
2.07345,0.275409
2.07973,0.276241
2.08602,0.277073
2.0923,0.277905
2.09858,0.278737
2.10487,0.279568
2.11115,0.2804
2.11743,0.281232
2.12372,0.282064
2.13,0.282896
2.13628,0.283727
2.14257,0.284559
2.14885,0.285391
2.15513,0.286223
2.16142,0.287055
2.1677,0.287886
2.17398,0.288718
2.18027,0.289549
2.18655,0.290381
2.19283,0.291213
2.19911,0.292044
2.2054,0.292876
2.21168,0.293707
2.21796,0.294539
2.22425,0.29537
2.23053,0.296201
2.23681,0.297033
2.2431,0.297864
2.24938,0.298696
2.25566,0.299527
2.26195,0.300358
2.26823,0.30119
2.27451,0.302021
2.2808,0.302852
2.28708,0.303683
2.29336,0.304514
2.29965,0.305346
2.30593,0.306177
2.31221,0.307008
2.3185,0.307839
2.32478,0.30867
2.33106,0.309501
2.33734,0.310332
2.34363,0.311163
2.34991,0.311994
2.35619,0.312825
2.36248,0.313655
2.36876,0.314486
2.37504,0.315317
2.38133,0.316148
2.38761,0.316978
2.39389,0.317809
2.40018,0.31864
2.40646,0.31947
2.41274,0.320301
2.41903,0.321131
2.42531,0.321961
2.43159,0.322791
2.43788,0.323622
2.44416,0.324452
2.45044,0.325281
2.45673,0.326112
2.46301,0.326941
2.46929,0.327771
2.47557,0.3286
2.48186,0.32943
2.48814,0.330259
2.49442,0.331088
2.50071,0.331917
2.50699,0.332745
2.51327,0.333574
2.51956,0.334402
2.52584,0.33523
2.53212,0.336058
2.53841,0.336885
2.54469,0.337712
2.55097,0.338539
2.55726,0.339365
2.56354,0.34019
2.56982,0.341015
2.57611,0.34184
2.58239,0.342664
2.58867,0.343487
2.59496,0.344309
2.60124,0.34513
2.60752,0.34595
2.61381,0.34677
2.62009,0.347588
2.62637,0.348404
2.63265,0.349219
2.63894,0.350033
2.64522,0.350844
2.6515,0.351653
2.65779,0.35246
2.66407,0.353264
2.67035,0.354066
2.67664,0.354864
2.68292,0.355659
2.6892,0.35645
2.69549,0.357236
2.70177,0.358017
2.70805,0.358793
2.71434,0.359563
2.72062,0.360326
2.7269,0.361081
2.73319,0.361829
2.73947,0.362566
2.74575,0.363294
2.75204,0.364009
2.75832,0.364713
2.7646,0.365401
2.77088,0.366074
2.77717,0.36673
2.78345,0.367365
2.78973,0.367979
2.79602,0.368569
2.8023,0.369131
2.80858,0.369664
2.81487,0.370164
2.82115,0.370626
2.82743,0.371047
2.83372,0.371423
2.84,0.371748
2.84628,0.372017
2.85257,0.372223
2.85885,0.37236
2.86513,0.37242
2.87142,0.372395
2.8777,0.372275
2.88398,0.372051
2.89027,0.37171
2.89655,0.371242
2.90283,0.370631
2.90911,0.369864
2.9154,0.368924
2.92168,0.367792
2.92796,0.36645
2.93425,0.364875
2.94053,0.363046
2.94681,0.360936
2.9531,0.358518
2.95938,0.355763
2.96566,0.352639
2.97195,0.349112
2.97823,0.345148
2.98451,0.340707
2.9908,0.335752
2.99708,0.330239
3.00336,0.324129
3.00965,0.317379
3.01593,0.309946
3.02221,0.301788
3.0285,0.292866
3.03478,0.283139
3.04106,0.272573
3.04734,0.261134
3.05363,0.248793
3.05991,0.235531
3.06619,0.221333
3.07248,0.206196
3.07876,0.190132
3.08504,0.173167
3.09133,0.155346
3.09761,0.136731
3.10389,0.117398
3.11018,0.0974329
3.11646,0.0769293
3.12274,0.0559854
3.12903,0.0347066
3.13531,0.0132066
3.14159,-0.00838819
3.14788,-0.0299422
3.15416,-0.0513164
3.16044,-0.0723769
3.16673,-0.0930042
3.17301,-0.113095
3.17929,-0.132564
3.18558,-0.151334
3.19186,-0.169338
3.19814,-0.186517
3.20442,-0.20282
3.21071,-0.218211
3.21699,-0.232667
3.22327,-0.246182
3.22956,-0.258766
3.23584,-0.270435
3.24212,-0.281221
3.24841,-0.291154
3.25469,-0.300273
3.26097,-0.308618
3.26726,-0.31623
3.27354,-0.323151
3.27982,-0.329423
3.28611,-0.335088
3.29239,-0.340187
3.29867,-0.344762
3.30496,-0.34885
3.31124,-0.352491
3.31752,-0.35572
3.32381,-0.358571
3.33009,-0.361077
3.33637,-0.363266
3.34265,-0.365169
3.34894,-0.366809
3.35522,-0.368212
3.3615,-0.369398
3.36779,-0.370388
3.37407,-0.3712
3.38035,-0.371852
3.38664,-0.372357
3.39292,-0.372731
3.3992,-0.372986
3.40549,-0.373133
3.41177,-0.373183
3.41805,-0.373145
3.42434,-0.373029
3.43062,-0.372841
3.4369,-0.372588
3.44319,-0.372278
3.44947,-0.371916
3.45575,-0.371507
3.46204,-0.371055
3.46832,-0.370565
3.4746,-0.370042
3.48088,-0.369487
3.48717,-0.368904
3.49345,-0.368297
3.49973,-0.367667
3.50602,-0.367017
3.5123,-0.366349
3.51858,-0.365664
3.52487,-0.364965
3.53115,-0.364252
3.53743,-0.363528
3.54372,-0.362793
3.55,-0.362048
3.55628,-0.361295
3.56257,-0.360534
3.56885,-0.359766
3.57513,-0.358991
3.58142,-0.358212
3.5877,-0.357427
3.59398,-0.356637
3.60027,-0.355843
3.60655,-0.355046
3.61283,-0.354245
3.61911,-0.353442
3.6254,-0.352636
3.63168,-0.351826
3.63796,-0.351015
3.64425,-0.350203
3.65053,-0.349388
3.65681,-0.348572
3.6631,-0.347754
3.66938,-0.346935
3.67566,-0.346115
3.68195,-0.345294
3.68823,-0.344472
3.69451,-0.343649
3.7008,-0.342825
3.70708,-0.342001
3.71336,-0.341175
3.71965,-0.34035
3.72593,-0.339524
3.73221,-0.338697
3.7385,-0.337871
3.74478,-0.337043
3.75106,-0.336215
3.75734,-0.335387
3.76363,-0.334559
3.76991,-0.333731
3.77619,-0.332902
3.78248,-0.332073
3.78876,-0.331244
3.79504,-0.330414
3.80133,-0.329585
3.80761,-0.328755
3.81389,-0.327925
3.82018,-0.327095
3.82646,-0.326266
3.83274,-0.325435
3.83903,-0.324605
3.84531,-0.323775
3.85159,-0.322944
3.85788,-0.322114
3.86416,-0.321283
3.87044,-0.320453
3.87673,-0.319622
3.88301,-0.318791
3.88929,-0.317961
3.89558,-0.317129
3.90186,-0.316299
3.90814,-0.315468
3.91442,-0.314637
3.92071,-0.313805
3.92699,-0.312974
3.93327,-0.312144
3.93956,-0.311312
3.94584,-0.310481
3.95212,-0.30965
3.95841,-0.308818
3.96469,-0.307987
3.97097,-0.307156
3.97726,-0.306324
3.98354,-0.305493
3.98982,-0.304661
3.99611,-0.30383
4.00239,-0.302998
4.00867,-0.302167
4.01496,-0.301335
4.02124,-0.300504
4.02752,-0.299672
4.0338,-0.29884
4.04009,-0.298009
4.04637,-0.297177
4.05265,-0.296345
4.05894,-0.295514
4.06522,-0.294682
4.0715,-0.29385
4.07779,-0.293018
4.08407,-0.292186
4.09035,-0.291354
4.09664,-0.290523
4.10292,-0.28969
4.1092,-0.288858
4.11549,-0.288026
4.12177,-0.287195
4.12805,-0.286362
4.13434,-0.28553
4.14062,-0.284699
4.1469,-0.283866
4.15319,-0.283034
4.15947,-0.282202
4.16575,-0.28137
4.17204,-0.280537
4.17832,-0.279706
4.1846,-0.278873
4.19088,-0.278041
4.19717,-0.277208
4.20345,-0.276376
4.20973,-0.275544
4.21602,-0.274712
4.2223,-0.273879
4.22858,-0.273046
4.23487,-0.272214
4.24115,-0.271382
4.24743,-0.270549
4.25372,-0.269717
4.26,-0.268884
4.26628,-0.268051
4.27257,-0.267219
4.27885,-0.266386
4.28513,-0.265554
4.29142,-0.264721
4.2977,-0.263889
4.30398,-0.263055
4.31027,-0.262223
4.31655,-0.26139
4.32283,-0.260558
4.32911,-0.259725
4.3354,-0.258892
4.34168,-0.258059
4.34796,-0.257226
4.35425,-0.256393
4.36053,-0.25556
4.36681,-0.254728
4.3731,-0.253895
4.37938,-0.253062
4.38566,-0.252229
4.39195,-0.251396
4.39823,-0.250563
4.40451,-0.249729
4.4108,-0.248897
4.41708,-0.248064
4.42336,-0.24723
4.42965,-0.246397
4.43593,-0.245564
4.44221,-0.244731
4.4485,-0.243898
4.45478,-0.243065
4.46106,-0.242231
4.46734,-0.241398
4.47363,-0.240565
4.47991,-0.239731
4.48619,-0.238898
4.49248,-0.238065
4.49876,-0.237232
4.50504,-0.236398
4.51133,-0.235565
4.51761,-0.234732
4.52389,-0.233898
4.53018,-0.233065
4.53646,-0.232231
4.54274,-0.231398
4.54903,-0.230564
4.55531,-0.22973
4.56159,-0.228897
4.56788,-0.228064
4.57416,-0.22723
4.58044,-0.226396
4.58673,-0.225563
4.59301,-0.224729
4.59929,-0.223896
4.60558,-0.223061
4.61186,-0.222228
4.61814,-0.221394
4.62442,-0.220561
4.63071,-0.219727
4.63699,-0.218893
4.64327,-0.218059
4.64956,-0.217226
4.65584,-0.216392
4.66212,-0.215558
4.66841,-0.214724
4.67469,-0.21389
4.68097,-0.213056
4.68726,-0.212222
4.69354,-0.211389
4.69982,-0.210554
4.70611,-0.209721
4.71239,-0.208886
4.71867,-0.208053
4.72496,-0.207218
4.73124,-0.206385
4.73752,-0.20555
4.7438,-0.204716
4.75009,-0.203882
4.75637,-0.203048
4.76265,-0.202214
4.76894,-0.20138
4.77522,-0.200546
4.7815,-0.199712
4.78779,-0.198877
4.79407,-0.198043
4.80035,-0.197209
4.80664,-0.196375
4.81292,-0.195541
4.8192,-0.194706
4.82549,-0.193872
4.83177,-0.193038
4.83805,-0.192203
4.84434,-0.191369
4.85062,-0.190535
4.8569,-0.1897
4.86319,-0.188866
4.86947,-0.188032
4.87575,-0.187197
4.88204,-0.186363
4.88832,-0.185528
4.8946,-0.184694
4.90088,-0.183859
4.90717,-0.183025
4.91345,-0.18219
4.91973,-0.181356
4.92602,-0.180521
4.9323,-0.179687
4.93858,-0.178852
4.94487,-0.178018
4.95115,-0.177183
4.95743,-0.176348
4.96372,-0.175514
4.97,-0.174679
4.97628,-0.173844
4.98257,-0.17301
4.98885,-0.172175
4.99513,-0.17134
5.00142,-0.170506
5.0077,-0.169671
5.01398,-0.168836
5.02027,-0.168001
5.02655,-0.167167
5.03283,-0.166332
5.03911,-0.165497
5.0454,-0.164662
5.05168,-0.163827
5.05796,-0.162993
5.06425,-0.162158
5.07053,-0.161323
5.07681,-0.160488
5.0831,-0.159653
5.08938,-0.158818
5.09566,-0.157983
5.10195,-0.157148
5.10823,-0.156313
5.11451,-0.155478
5.1208,-0.154643
5.12708,-0.153808
5.13336,-0.152973
5.13965,-0.152138
5.14593,-0.151303
5.15221,-0.150468
5.1585,-0.149633
5.16478,-0.148798
5.17106,-0.147963
5.17734,-0.147128
5.18363,-0.146293
5.18991,-0.145458
5.19619,-0.144622
5.20248,-0.143787
5.20876,-0.142952
5.21504,-0.142117
5.22133,-0.141282
5.22761,-0.140447
5.23389,-0.139611
5.24018,-0.138776
5.24646,-0.137941
5.25274,-0.137106
5.25903,-0.13627
5.26531,-0.135435
5.27159,-0.1346
5.27788,-0.133764
5.28416,-0.132929
5.29044,-0.132094
5.29673,-0.131259
5.30301,-0.130423
5.30929,-0.129588
5.31558,-0.128753
5.32186,-0.127917
5.32814,-0.127082
5.33442,-0.126246
5.34071,-0.125411
5.34699,-0.124575
5.35327,-0.12374
5.35956,-0.122905
5.36584,-0.122069
5.37212,-0.121234
5.37841,-0.120398
5.38469,-0.119563
5.39097,-0.118727
5.39726,-0.117892
5.40354,-0.117056
5.40982,-0.11622
5.41611,-0.115385
5.42239,-0.114549
5.42867,-0.113714
5.43496,-0.112878
5.44124,-0.112042
5.44752,-0.111207
5.4538,-0.110371
5.46009,-0.109536
5.46637,-0.1087
5.47265,-0.107864
5.47894,-0.107029
5.48522,-0.106193
5.4915,-0.105358
5.49779,-0.104522
5.50407,-0.103686
5.51035,-0.10285
5.51664,-0.102014
5.52292,-0.101179
5.5292,-0.100343
5.53549,-0.0995072
5.54177,-0.0986716
5.54805,-0.0978358
5.55434,-0.0970003
5.56062,-0.0961643
5.5669,-0.0953285
5.57319,-0.0944926
5.57947,-0.093657
5.58575,-0.0928213
5.59203,-0.0919852
5.59832,-0.0911494
5.6046,-0.0903135
5.61088,-0.0894778
5.61717,-0.088642
5.62345,-0.0878059
5.62973,-0.08697
5.63602,-0.0861342
5.6423,-0.0852984
5.64858,-0.0844625
5.65487,-0.0836264
5.66115,-0.0827905
5.66743,-0.0819546
5.67372,-0.0811187
5.68,-0.0802828
5.68628,-0.0794466
5.69257,-0.0786108
5.69885,-0.0777748
5.70513,-0.0769388
5.71142,-0.0761029
5.7177,-0.0752668
5.72398,-0.0744307
5.73027,-0.0735948
5.73655,-0.0727588
5.74283,-0.0719229
5.74911,-0.0710865
5.7554,-0.0702506
5.76168,-0.0694146
5.76796,-0.0685785
5.77425,-0.0677425
5.78053,-0.0669062
5.78681,-0.0660702
5.7931,-0.0652341
5.79938,-0.0643981
5.80566,-0.0635621
5.81195,-0.0627256
5.81823,-0.0618896
5.82451,-0.0610536
5.8308,-0.0602175
5.83708,-0.0593811
5.84336,-0.058545
5.84965,-0.0577089
5.85593,-0.0568729
5.86221,-0.0560367
5.86849,-0.0552003
5.87478,-0.0543641
5.88106,-0.053528
5.88734,-0.0526918
5.89363,-0.0518557
5.89991,-0.0510192
5.90619,-0.0501831
5.91248,-0.0493469
5.91876,-0.0485107
5.92504,-0.0476746
5.93133,-0.046838
5.93761,-0.0460018
5.94389,-0.0451657
5.95018,-0.0443294
5.95646,-0.0434933
5.96274,-0.0426567
5.96903,-0.0418205
5.97531,-0.0409843
5.98159,-0.040148
5.98788,-0.0393118
5.99416,-0.0384752
6.00044,-0.0376389
6.00673,-0.0368027
6.01301,-0.0359664
6.01929,-0.0351302
6.02557,-0.0342936
6.03186,-0.0334574
6.03814,-0.032621
6.04442,-0.0317847
6.05071,-0.0309484
6.05699,-0.0301118
6.06327,-0.0292755
6.06956,-0.0284392
6.07584,-0.027603
6.08212,-0.0267663
6.08841,-0.02593
6.09469,-0.0250937
6.10097,-0.0242573
6.10726,-0.023421
6.11354,-0.0225843
6.11982,-0.021748
6.12611,-0.0209116
6.13239,-0.0200753
6.13867,-0.0192389
6.14496,-0.0184022
6.15124,-0.0175658
6.15752,-0.0167295
6.16381,-0.0158931
6.17009,-0.0150567
6.17637,-0.01422
6.18265,-0.0133836
6.18894,-0.0125472
6.19522,-0.0117108
6.2015,-0.0108744
6.20779,-0.0100376
6.21407,-0.00920126
6.22035,-0.00836482
6.22664,-0.0075284
6.23292,-0.006692
6.2392,-0.00585523
6.24549,-0.00501882
6.25177,-0.00418237
6.25805,-0.00334591
6.26434,-0.00250949
6.27062,-0.00167271
6.2769,-0.000836294
6.28319,1.74846e-07
